country,iso3,original_bloc,population_2024,gdp_2022_ppp_2011_intl_usd,co2_2024_mt,cumulative_co2_through_2024_mt,loan_eligible,member_74_country_ldc_aosis_coalition,member_20_country_selected_coalition,co2_per_capita_2024_t,cumulative_co2_per_capita_t,gdp_per_capita_2022_ppp_2011_intl_usd,cpi_country,cpi_match_found,alias_applied,cpi_needs_quantified,cpi_data_coverage,cpi_thematic_coverage,ndc_publication_year,ndc_source_url,adaptation_need_2024_2035_usd_bn,conditional_need_all_objectives_usd_bn,unconditional_need_all_objectives_usd_bn,unspecified_need_all_objectives_usd_bn,classified_total_need_all_objectives_usd_bn,conditional_share_all_objectives,external_support_gap_proxy_2024_2035_usd_bn,scenario,finance_instrument_group,adaptation_need_annual_average_usd_bn,external_support_gap_proxy_annual_average_usd_bn
South Africa,ZAF,Rest of World,64007187.0,723559323969.0,439.8,22827.0,True,False,True,6.871103396560764,356.6318263603742,11304.344994398833,South Africa,True,False,Yes,Fully costed,Both mitigation and adaptation,2021.0,https://unfccc.int/sites/default/files/NDC/2022-06/South%20Africa%20updated%20first%20NDC%20September%202021.pdf,114.1518696512529,0.0,0.0,165.8776850992946,165.8776850992946,0.0,0.0,20-country selected coalition,Loan-eligible,9.512655804271075,0.0
Colombia,COL,Rest of World,52886360.0,742716953392.0,92.7,3802.0,False,False,True,1.7528149035025289,71.88999205088042,14043.63910452525,Colombia,True,False,Yes,Fully costed,Adaptation only,2025.0,https://unfccc.int/sites/default/files/2025-09/NDC%203.0%20Declarativa%20Colombia%20Transformaciones%20para%20la%20Vida%20V.25.09.2025%20Gob.%20Nacional.pdf,37.02629554259205,0.0,0.0,37.02629554259205,37.02629554259205,0.0,0.0,20-country selected coalition,Grant-priority,3.085524628549338,0.0
Dominican Republic,DOM,Global South & Climate-Vulnerable Coalition,11427558.0,191182362267.0,33.1,869.2,False,True,True,2.896506847744724,76.06174477521795,16729.940225812024,Dominican Republic,True,False,Yes,Fully costed,Both mitigation and adaptation,2020.0,https://unfccc.int/sites/default/files/NDC/2022-06/Dominican%20Republic%20First%20NDC%20%28Updated%20Submission%29.pdf,7.182857191143501,0.0,0.0,15.05557952816958,15.05557952816958,0.0,0.0,20-country selected coalition,Grant-priority,0.5985714325952918,0.0
Botswana,BWA,Rest of World,2521145.0,39293967463.0,7.5,184.3,False,False,True,2.974838813316965,73.10170577257556,15585.762605086182,Botswana,True,False,Yes,Fully costed,Both mitigation and adaptation,2024.0,https://unfccc.int/sites/default/files/2024-12/BOTSWANA_NDC_2%20REPORT.pdf ,2.4287378554683143,2.6954979294779227,0.8984993098259741,2.4289476671990413,6.0229449065029375,0.4475382012157557,1.0869529710609014,20-country selected coalition,Grant-priority,0.2023948212890262,0.09057941425507511
Dominica,DMA,Global South & Climate-Vulnerable Coalition,66226.0,675098029.0,0.2,5.5,False,True,True,3.019961948479449,83.04895358318485,10193.851795367378,Dominica,True,False,Yes,Partially costed,Both mitigation and adaptation,2022.0,https://unfccc.int/sites/default/files/2022-07/The%20Commonwealth%20of%20Dominica%20updated%20NDC%20July%204%20%2C.pdf,0.9843787042208948,0.0,0.0,1.0541263148204063,1.0541263148204063,0.0,0.0,20-country selected coalition,Grant-priority,0.08203155868507457,0.0
Saint Vincent and the Grenadines,VCT,Global South & Climate-Vulnerable Coalition,100630.0,,0.3,8.0,True,True,True,2.981218324555301,79.4991553214747,,Saint Vincent and the Grenadines,True,False,Yes,Partially costed,Both mitigation and adaptation,2025.0,https://unfccc.int/sites/default/files/2025-10/Revised%20NDC%202.0%20Final.pdf,0.0457189420020899,0.1809042898214972,0.0,0.0,0.1809042898214972,1.0,0.0457189420020899,20-country selected coalition,Loan-eligible,0.003809911833507492,0.003809911833507492
Grenada,GRD,Global South & Climate-Vulnerable Coalition,117218.0,,0.4,9.6,False,True,True,3.4124451875991744,81.89868450238018,,Grenada,True,False,Yes,Fully costed,Mitigation only,2020.0,https://unfccc.int/sites/default/files/NDC/2022-06/GrenadaSecondNDC2020%20-%2001-12-20.pdf,,0.0,0.0,0.7639595218132154,0.7639595218132154,0.0,,20-country selected coalition,Grant-priority,,
Maldives,MDV,Global South & Climate-Vulnerable Coalition,527801.0,,2.3,33.7,False,True,True,4.357702997910197,63.84982218677115,,Maldives,True,False,No,No needs quantified,,2025.0,https://unfccc.int/sites/default/files/2025-02/Maldives%E2%80%99%20Third%20Nationally%20Determined%20Contribution.pdf,,0.0,0.0,0.0,0.0,,,20-country selected coalition,Grant-priority,,
Mauritius,MUS,Global South & Climate-Vulnerable Coalition,1271171.0,26988574640.0,4.7,133.2,False,True,True,3.6973782441544056,104.78527279178016,21231.2699392922,Mauritius,True,False,Yes,Fully costed,Both mitigation and adaptation,2025.0,https://unfccc.int/sites/default/files/2025-09/NDC%203.0%20%20Mauritius.pdf,,0.747862366926704,0.3116093195527933,0.0,1.0594716864794975,0.7058823529411764,,20-country selected coalition,Grant-priority,,
Saint Lucia,LCA,Global South & Climate-Vulnerable Coalition,179751.0,1749086152.0,0.5,16.5,True,True,True,2.781625693320204,91.79364787956672,9730.605960467536,Saint Lucia,True,False,Yes,Fully costed,Mitigation only,2025.0,https://unfccc.int/sites/default/files/2025-02/Saint%20Lucias%20Third%20Nationally%20Determined%20Contribution.pdf,,0.483711935505861,0.0,0.0,0.483711935505861,1.0,,20-country selected coalition,Loan-eligible,,
Albania,ALB,Rest of World,2791756.0,36171005594.0,4.4,307.9,False,False,True,1.5760689687780738,110.28900806517476,12956.363519591254,Albania,True,False,No,No needs quantified,,2021.0,https://unfccc.int/sites/default/files/2022-08/Albania%20Revised%20NDC.pdf,,0.0,0.0,0.0,0.0,,,20-country selected coalition,Grant-priority,,
Bosnia and Herzegovina,BIH,Rest of World,3164256.0,47069138435.0,19.4,1043.5,False,False,True,6.130983081014937,329.77736314634467,14875.262442419324,Bosnia and Herzegovina,True,False,Yes,Partially costed,Mitigation only,2021.0,https://unfccc.int/sites/default/files/NDC/2022-06/NDC%20BiH_November%202020%20FINAL%20DRAFT%2005%20Nov%20ENG%20LR.pdf ,,0.0,0.0,6.067651212209228,6.067651212209228,0.0,,20-country selected coalition,Grant-priority,,
Brazil,BRA,Rest of World,211998565.0,3187412907763.0,483.0,18198.7,True,False,True,2.278317308421404,85.84350559165341,15035.068316443558,Brazil,True,False,Yes,Partially costed,Adaptation only,2024.0,https://unfccc.int/sites/default/files/2024-11/Brazil_Second%20Nationally%20Determined%20Contribution%20%28NDC%29_November2024.pdf,,0.0,0.0,11.336914285714286,11.336914285714286,0.0,,20-country selected coalition,Loan-eligible,,
Gabon,GAB,Rest of World,2538953.0,36035291983.0,5.4,307.1,False,False,True,2.1268609541019465,120.955370186057,14192.973238575114,Gabon,True,False,Yes,Partially costed,Mitigation only,2022.0,https://unfccc.int/sites/default/files/NDC/2022-07/20220706_Gabon_Updated%20NDC.pdf ,,0.0,0.0,1.002130289670841,1.002130289670841,0.0,,20-country selected coalition,Grant-priority,,
Kazakhstan,KAZ,Rest of World,20592574.0,503634062609.0,287.0,14937.4,False,False,True,13.937062943175537,725.3779930571088,24457.071884699795,Kazakhstan,True,False,Yes,Fully costed,Both mitigation and adaptation,2023.0,https://unfccc.int/sites/default/files/NDC/2023-06/12updated%20NDC%20KAZ_Gov%20Decree313_19042023_en_cover%20page.pdf,,121.469192963273,0.0,0.0,121.469192963273,1.0,,20-country selected coalition,Grant-priority,,
Malaysia,MYS,Rest of World,35557670.0,877584198429.0,290.2,7042.4,True,False,True,8.16138965235911,198.05572187378985,24680.587857106497,Malaysia,True,False,Yes,Fully costed,Adaptation only,2021.0,https://unfccc.int/sites/default/files/NDC/2022-06/Malaysia%20NDC%20Updated%20Submission%20to%20UNFCCC%20July%202021%20final.pdf,,0.0,0.0,0.0,0.0,,,20-country selected coalition,Loan-eligible,,
Mexico,MEX,Rest of World,130861001.0,2033437602787.0,461.0,22015.9,False,False,True,3.5228218986342617,168.2388170024773,15538.912183523646,Mexico,True,False,Yes,Fully costed,Mitigation only,2022.0,https://unfccc.int/sites/default/files/NDC/2022-11/Mexico_NDC_UNFCCC_update2022_FINAL.pdf,,0.0,0.0,122.57345835384824,122.57345835384824,0.0,,20-country selected coalition,Grant-priority,,
Montenegro,MNE,Rest of World,638481.0,12774399882.0,2.4,122.1,False,False,True,3.758921565402886,191.23513463987183,20007.486333970784,Montenegro,True,False,Yes,Fully costed,Mitigation only,2025.0,https://unfccc.int/sites/default/files/2025-02/001_eng_NDC_Montenegro.pdf,,0.0,1.6357297188229278,0.0,1.6357297188229278,0.0,,20-country selected coalition,Grant-priority,,
Serbia,SRB,Rest of World,6736217.0,116834638171.0,42.0,2924.9,True,False,True,6.23495353549329,434.2051332372458,17344.250960294183,Serbia,True,False,No,No needs quantified,,2025.0,https://unfccc.int/sites/default/files/2025-09/NDC3%20of%20the%20Republic%20of%20Serbia.pdf,,0.0,0.0,0.0,0.0,,,20-country selected coalition,Loan-eligible,,
Thailand,THA,Rest of World,71668010.0,1124143758569.0,267.8,8308.3,False,False,True,3.73667414513114,115.92759447346172,15685.43285308187,Thailand,True,False,No,No needs quantified,,2022.0,https://unfccc.int/sites/default/files/NDC/2022-11/Thailand%202nd%20Updated%20NDC.pdf,,0.0,0.0,0.0,0.0,,,20-country selected coalition,Grant-priority,,
Ethiopia,ETH,Global South & Climate-Vulnerable Coalition,132059770.0,269977225159.0,17.8,330.2,False,True,False,0.1347874526814638,2.500382970529178,2044.3563180444733,Ethiopia,True,False,Yes,Fully costed,Both mitigation and adaptation,2025.0,https://unfccc.int/sites/default/files/2025-09/Ethiopia%20NDC%203.0%20Final.pdf ,38.01272577649201,0.0,0.0,101.06633465824817,101.06633465824817,0.0,0.0,74-country LDC+AOSIS coalition,Grant-priority,3.167727148041001,0.0
Democratic Republic of Congo,COD,Global South & Climate-Vulnerable Coalition,109276264.0,91314988450.0,5.9,238.7,False,True,False,0.053991596930876,2.18437189616951,835.6342457864408,"Congo, Democratic Republic",True,True,Yes,Fully costed,Both mitigation and adaptation,2021.0,https://unfccc.int/sites/default/files/NDC/2022-06/CDN%20Revis%C3%A9e%20de%20la%20RDC.pdf,16.658750522533524,34.278098411967804,0.6995530288156686,0.0,34.977651440783475,0.98,16.325575512082853,74-country LDC+AOSIS coalition,Grant-priority,1.3882292102111269,1.3604646260069044
Bangladesh,BGD,Global South & Climate-Vulnerable Coalition,173562366.0,858143907016.0,108.3,2001.0,False,True,False,0.6239831969103256,11.528997017706017,4944.29712381312,Bangladesh,True,False,Yes,Fully costed,Both mitigation and adaptation,2025.0,https://unfccc.int/sites/default/files/2025-09/Bangladesh%20Third%20Nationally%20Determined%20Contribution%20%28NDC%203.0%29.pdf,12.354135877359903,85.74720617032189,24.660755847499207,12.354135877359903,122.762097895181,0.6984827372658307,8.62915064417235,74-country LDC+AOSIS coalition,Grant-priority,1.0295113231133253,0.7190958870143626
Uganda,UGA,Global South & Climate-Vulnerable Coalition,50015091.0,101995416951.0,6.3,131.4,False,True,False,0.1259619821545461,2.6272070563662475,2039.2928396551356,Uganda,True,False,Yes,Fully costed,Both mitigation and adaptation,2022.0,https://unfccc.int/sites/default/files/NDC/2022-09/Updated%20NDC%20_Uganda_2022%20Final.pdf,11.727298447908725,15.835165700848504,2.7164928608150154,0.0,18.55165856166352,0.8535714285714286,10.010086889464947,74-country LDC+AOSIS coalition,Grant-priority,0.9772748706590604,0.8341739074554123
Haiti,HTI,Global South & Climate-Vulnerable Coalition,11772562.0,17550916862.0,3.0,88.8,False,True,False,0.2548298322828964,7.5429630355737345,1490.8324001181732,Haiti,True,False,Yes,Fully costed,Both mitigation and adaptation,2022.0,https://unfccc.int/sites/default/files/NDC/2022-06/CDN%20Revisee%20Haiti%202022.pdf,11.369803955337412,12.42633071557737,2.757614759321449,0.0,15.18394547489882,0.818386152408136,9.30489011264339,74-country LDC+AOSIS coalition,Grant-priority,0.9474836629447844,0.7754075093869491
Cambodia,KHM,Global South & Climate-Vulnerable Coalition,17638804.0,65136593996.0,21.9,251.6,False,True,False,1.2415807783793051,14.264005654805167,3692.8010536315273,Cambodia,True,False,Yes,Fully costed,Both mitigation and adaptation,2025.0,https://unfccc.int/sites/default/files/2025-08/Cambodia-NDC%203.0_0.pdf ,8.898776107923673,14.957637298733694,9.220587238155408,6.444033212444545,30.62225774933365,0.4884563842801296,4.346664002194802,74-country LDC+AOSIS coalition,Grant-priority,0.7415646756603061,0.3622220001829002
Madagascar,MDG,Global South & Climate-Vulnerable Coalition,31964960.0,38602188321.0,4.5,112.7,False,True,False,0.1407791531727241,3.525735680570224,1207.6407516543115,Madagascar,True,False,Yes,Fully costed,Both mitigation and adaptation,2024.0,https://unfccc.int/documents/636850,8.796982792227686,15.751181274748062,0.571286367477909,0.0,16.32246764222597,0.965,8.489088394499717,74-country LDC+AOSIS coalition,Grant-priority,0.7330818993523072,0.7074240328749765
Mauritania,MRT,Global South & Climate-Vulnerable Coalition,5169403.0,15674544913.0,5.2,99.9,False,True,False,1.0059188652925686,19.325248969755307,3032.177006319685,Mauritania,True,False,Yes,Fully costed,Both mitigation and adaptation,2021.0,https://unfccc.int/sites/default/files/NDC/2022-06/CDN-actualis%C3%A9%202021_%20Mauritania.pdf,8.606316970554943,8.451479788000048,0.3556535899250839,24.17709513716715,32.98422851509228,0.256227905531669,2.205178571706952,74-country LDC+AOSIS coalition,Grant-priority,0.7171930808795786,0.18376488097557933
Afghanistan,AFG,Global South & Climate-Vulnerable Coalition,42647502.0,53303471617.0,10.8,242.6,False,True,False,0.2532387477231375,5.688492610891958,1249.8615186652669,Afghanistan,True,False,Yes,Fully costed,Both mitigation and adaptation,2016.0,https://unfccc.int/sites/default/files/NDC/2022-06/INDC_AFG_20150927_FINAL.pdf,8.080124980636977,12.290630533829356,0.0,0.0,12.290630533829356,1.0,8.080124980636977,74-country LDC+AOSIS coalition,Grant-priority,0.6733437483864148,0.6733437483864148
Dominican Republic,DOM,Global South & Climate-Vulnerable Coalition,11427558.0,191182362267.0,33.1,869.2,False,True,True,2.896506847744724,76.06174477521795,16729.940225812024,Dominican Republic,True,False,Yes,Fully costed,Both mitigation and adaptation,2020.0,https://unfccc.int/sites/default/files/NDC/2022-06/Dominican%20Republic%20First%20NDC%20%28Updated%20Submission%29.pdf,7.182857191143501,0.0,0.0,15.05557952816958,15.05557952816958,0.0,0.0,74-country LDC+AOSIS coalition,Grant-priority,0.5985714325952918,0.0
Somalia,SOM,Global South & Climate-Vulnerable Coalition,19009155.0,,1.3,41.9,False,True,False,0.0683881003653239,2.2042010810054418,,Somalia,True,False,Yes,Fully costed,Both mitigation and adaptation,2025.0,https://unfccc.int/sites/default/files/2025-06/Somalia%20NDC%203.0_submitted%20final.pdf,5.635386596364941,4.652291979151862,0.2606751179667272,6.015513854129861,10.92848095124845,0.4257034440473076,2.39900348261059,74-country LDC+AOSIS coalition,Grant-priority,0.4696155496970784,0.19991695688421585
Eritrea,ERI,Global South & Climate-Vulnerable Coalition,3535610.0,,0.7,19.1,False,True,False,0.1979856375561784,5.402179539032868,,Eritrea,True,False,Yes,Fully costed,Both mitigation and adaptation,2018.0,https://unfccc.int/sites/default/files/NDC/2022-06/NRC%20Eritrea.pdf,5.415339379771825,6.238026186446415,2.7919151663343804,0.0,9.029941352780796,0.6908158029758851,3.741002022024005,74-country LDC+AOSIS coalition,Grant-priority,0.4512782816476521,0.3117501685020004
Niger,NER,Global South & Climate-Vulnerable Coalition,27032417.0,24776754234.0,3.2,61.5,False,True,False,0.1183763923144571,2.275046289793473,916.5571185883972,Niger,True,False,Yes,Fully costed,Both mitigation and adaptation,2021.0,https://unfccc.int/sites/default/files/NDC/2022-06/CDN_Niger_R%C3%A9vis%C3%A9e_2021.pdf,5.307686866442779,5.7425031537070526,2.056561393438388,0.0,7.79906454714544,0.7363066581887546,3.9080851793428257,74-country LDC+AOSIS coalition,Grant-priority,0.4423072388702316,0.3256737649452355
Mali,MLI,Global South & Climate-Vulnerable Coalition,24478597.0,30551085997.0,7.0,100.2,False,True,False,0.2859641016190593,4.093371854604249,1248.073408659818,Mali,True,False,Yes,Fully costed,Both mitigation and adaptation,2021.0,https://unfccc.int/documents/499564,5.218024433432753,0.0,0.0,10.115468100796132,10.115468100796132,0.0,0.0,74-country LDC+AOSIS coalition,Grant-priority,0.4348353694527294,0.0
Chad,TCD,Global South & Climate-Vulnerable Coalition,20299131.0,24118013870.0,2.8,51.3,False,True,False,0.1379369392709471,2.5272017802141384,1188.1303623293036,Chad,True,False,Yes,Fully costed,Both mitigation and adaptation,2021.0,https://unfccc.int/sites/default/files/NDC/2022-06/CDN%20ACTUALISEE%20DU%20TCHAD.pdf,3.937433077757684,7.46256748018897,1.2811817108804398,0.0,8.74374919106941,0.8534745584664072,3.3604989575302664,74-country LDC+AOSIS coalition,Grant-priority,0.32811942314647363,0.28004157979418887
Rwanda,RWA,Global South & Climate-Vulnerable Coalition,14256573.0,28466253314.0,2.0,37.3,False,True,False,0.1402861683519594,2.616337039764044,1996.7108023786643,Rwanda,True,False,Yes,Fully costed,Both mitigation and adaptation,2020.0,https://unfccc.int/sites/default/files/NDC/2022-06/Rwanda_Updated_NDC_May_2020.pdf,3.796918459673921,1.358768351229276,2.2574077301237607,4.083262805302057,7.699438886655094,0.1764762823930371,0.6700660543127505,74-country LDC+AOSIS coalition,Grant-priority,0.3164098716394934,0.05583883785939587
Senegal,SEN,Global South & Climate-Vulnerable Coalition,18501988.0,51913993763.0,14.1,300.6,False,True,False,0.7620802694283447,16.246902765259602,2805.860308794925,Senegal,True,False,Yes,Fully costed,Both mitigation and adaptation,2021.0,https://unfccc.int/sites/default/files/NDC/2022-06/CDNSenegal%20approuv%C3%A9e-pdf-.pdf,3.0895427931225754,5.856010686788535,3.343593347655306,0.0,9.19960403444384,0.636550297693607,1.9666493846993136,74-country LDC+AOSIS coalition,Grant-priority,0.2574618994268813,0.1638874487249428
Malawi,MWI,Global South & Climate-Vulnerable Coalition,21655288.0,26465351444.0,1.9,57.6,False,True,False,0.0877383851925682,2.6598584142589097,1222.1195785528228,Malawi,True,False,Yes,Fully costed,Both mitigation and adaptation,2021.0,https://unfccc.int/sites/default/files/NDC/2022-06/Malawi%20Updated%20NDC%20July%202021%20submitted.pdf,2.936300956176839,13.93002678068386,7.62757131307806,0.3212817444208373,21.878879838182755,0.6366882986565585,1.8695084601318577,74-country LDC+AOSIS coalition,Grant-priority,0.24469174634806992,0.1557923716776548
Sudan,SDN,Global South & Climate-Vulnerable Coalition,50448960.0,,17.8,517.0,False,True,False,0.3528318522324345,10.247981326076893,,Sudan,True,False,Yes,Fully costed,Both mitigation and adaptation,2022.0,https://unfccc.int/sites/default/files/NDC/2022-10/Sudan%20Updated%20First%20NDC-12102021.pdf,2.75499095840868,5.890671576524742,0.0,0.0,5.890671576524742,1.0,2.75499095840868,74-country LDC+AOSIS coalition,Grant-priority,0.22958257986738997,0.22958257986738997
Burkina Faso,BFA,Global South & Climate-Vulnerable Coalition,23548782.0,37320442404.0,6.5,95.8,False,True,False,0.2760227683962593,4.068150955747945,1584.8141277115733,Burkina Faso,True,False,Yes,Fully costed,Both mitigation and adaptation,2021.0,https://unfccc.int/documents/497293,1.9215450076454048,1.8079064944223568,1.1188806109330265,0.0,2.926787105355383,0.6177102841249648,1.1869581126315505,74-country LDC+AOSIS coalition,Grant-priority,0.16012875063711707,0.09891317605262921
Benin,BEN,Global South & Climate-Vulnerable Coalition,14462721.0,33290362034.0,6.1,128.4,False,True,False,0.4217740216381136,8.877997439071112,2301.804897847369,Benin,True,False,Yes,Fully costed,Both mitigation and adaptation,2021.0,https://unfccc.int/documents/497266,1.8343970877998912,3.4438005171456285,4.37413066319319,0.0,7.817931180338819,0.4405002343594918,0.8080523470842214,74-country LDC+AOSIS coalition,Grant-priority,0.15286642398332426,0.06733769559035178
Togo,TGO,Global South & Climate-Vulnerable Coalition,8406554.0,14265660408.0,2.8,76.6,False,True,False,0.3330734567338769,9.111938137791062,1696.9688659586318,Togo,True,False,Yes,Fully costed,Both mitigation and adaptation,2021.0,https://unfccc.int/sites/default/files/NDC/2022-06/CDN%20Revis%C3%A9es_Togo_Document%20int%C3%A9rimaire_rv_11%2010%2021.pdf,1.5957122305723208,3.285675467556493,0.8625041449077193,0.0005467004057866,4.148726312869999,0.791972094510986,1.2637595574831584,74-country LDC+AOSIS coalition,Grant-priority,0.13297601921436006,0.10531329645692987
Lesotho,LSO,Global South & Climate-Vulnerable Coalition,2337428.0,4761723180.0,2.6,72.3,False,True,False,1.112333727498772,30.93143403775432,2037.163574664118,Lesotho,True,False,Yes,Fully costed,Both mitigation and adaptation,2025.0,https://unfccc.int/sites/default/files/2025-02/Lesotho%20SECOND%20NDC.pdf ,1.4254772166184506,0.0,0.0,2.375795361030751,2.375795361030751,0.0,0.0,74-country LDC+AOSIS coalition,Grant-priority,0.11878976805153756,0.0
Papua New Guinea,PNG,Global South & Climate-Vulnerable Coalition,10576509.0,,8.3,209.7,False,True,False,0.7847579952893721,19.82695802556401,,Papua New Guinea,True,False,Yes,Fully costed,Both mitigation and adaptation,2020.0,https://unfccc.int/sites/default/files/NDC/2022-06/PNG%20Second%20NDC.pdf,1.2543967255852908,0.0,0.0,1.4138024736619672,1.4138024736619672,0.0,0.0,74-country LDC+AOSIS coalition,Grant-priority,0.1045330604654409,0.0
Vanuatu,VUT,Global South & Climate-Vulnerable Coalition,327786.0,,0.2,5.5,False,True,False,0.6101541859627928,16.7792401139768,,Vanuatu,True,False,Yes,Fully costed,Both mitigation and adaptation,2025.0,https://unfccc.int/sites/default/files/2025-09/Vanuatu%20NDC%203.0.pdf,1.2030990170693034,1.5732212256264448,0.1450614129372207,0.0,1.7182826385636656,0.915577676406904,1.101530602535743,74-country LDC+AOSIS coalition,Grant-priority,0.10025825142244195,0.09179421687797858
Burundi,BDI,Global South & Climate-Vulnerable Coalition,14047788.0,9177077459.0,0.9,16.7,False,True,False,0.0640670260684457,1.188799261492272,653.2756231087769,Burundi,True,False,Yes,Fully costed,Both mitigation and adaptation,2021.0,https://unfccc.int/documents/497263,1.1613959791045156,1.4514178523545802,0.3220084895419168,1.076292028053898,2.849718369950395,0.5093197516145587,0.5915219116036591,74-country LDC+AOSIS coalition,Grant-priority,0.09678299825870963,0.049293492633638254
Micronesia (country),FSM,Global South & Climate-Vulnerable Coalition,113171.0,,0.2,4.9,False,True,False,1.7672371897394208,43.29731114861581,,Micronesia (Federated States of),True,True,Yes,Fully costed,Both mitigation and adaptation,2025.0,https://unfccc.int/sites/default/files/2025-09/FSM%20NDC%203.0.pdf,1.1046498110648582,0.0,0.0,1.3327261657238103,1.3327261657238103,0.0,0.0,74-country LDC+AOSIS coalition,Grant-priority,0.09205415092207152,0.0
Barbados,BRB,Global South & Climate-Vulnerable Coalition,282476.0,3408005977.0,1.4,63.9,False,True,False,4.956173267817443,226.213908438239,12064.762942692476,Barbados,True,False,Yes,Fully costed,Both mitigation and adaptation,2025.0,https://unfccc.int/sites/default/files/2025-09/Barbados%20Second%20NDC.pdf,1.0358467774094076,0.0,0.0,3.307107142554805,3.307107142554805,0.0,0.0,74-country LDC+AOSIS coalition,Grant-priority,0.0863205647841173,0.0
Dominica,DMA,Global South & Climate-Vulnerable Coalition,66226.0,675098029.0,0.2,5.5,False,True,True,3.019961948479449,83.04895358318485,10193.851795367378,Dominica,True,False,Yes,Partially costed,Both mitigation and adaptation,2022.0,https://unfccc.int/sites/default/files/2022-07/The%20Commonwealth%20of%20Dominica%20updated%20NDC%20July%204%20%2C.pdf,0.9843787042208948,0.0,0.0,1.0541263148204063,1.0541263148204063,0.0,0.0,74-country LDC+AOSIS coalition,Grant-priority,0.08203155868507457,0.0
Djibouti,DJI,Global South & Climate-Vulnerable Coalition,1168726.0,3395681646.0,0.6,21.1,False,True,False,0.5133795260822468,18.05384666722568,2905.455723582773,Djibouti,True,False,Yes,Fully costed,Both mitigation and adaptation,2016.0,https://unfccc.int/sites/default/files/NDC/2022-06/CPDN%20Djibouti_9%20-%20CPDN%20-%20Format%20pour%20soumission%20CCNUCC.pdf,0.9687846410603428,1.3330323698892117,3.1104088630748272,0.9687846410603428,5.412225874024382,0.2463002101015428,0.2386118606363101,74-country LDC+AOSIS coalition,Grant-priority,0.08073205342169523,0.019884321719692507
Belize,BLZ,Global South & Climate-Vulnerable Coalition,417077.0,,0.8,22.5,False,True,False,1.9181110442436289,53.94687311935206,,Belize,True,False,Yes,Fully costed,Both mitigation and adaptation,2025.0,https://unfccc.int/sites/default/files/2025-06/BELIZE%20FINAL%20NDC%203.0.pdf,0.8808498880557611,1.426427534762863,0.0,0.0,1.426427534762863,1.0,0.8808498880557611,74-country LDC+AOSIS coalition,Grant-priority,0.0734041573379801,0.0734041573379801
Cape Verde,CPV,Global South & Climate-Vulnerable Coalition,524878.0,4251154554.0,0.6,16.9,False,True,False,1.1431227828181023,32.197958382709885,8099.319373263882,Cabo Verde,True,True,Yes,Fully costed,Both mitigation and adaptation,2021.0,https://unfccc.int/sites/default/files/NDC/2022-06/Cabo%20Verde_NDC%20Update%202021.pdf,0.846390468988516,0.0,0.0,1.692780937977032,1.692780937977032,0.0,0.0,74-country LDC+AOSIS coalition,Grant-priority,0.07053253908237633,0.0
Guinea,GIN,Global South & Climate-Vulnerable Coalition,14754779.0,23678257190.0,4.0,105.9,False,True,False,0.2710986047300335,7.177335560227639,1604.7856216619714,Guinea,True,False,Yes,Fully costed,Both mitigation and adaptation,2021.0,https://unfccc.int/sites/default/files/NDC/2022-06/CDN%20GUINEE%202021_REVISION_VF.pdf,0.7871402738310513,0.0,0.0,11.649676052699563,11.649676052699563,0.0,0.0,74-country LDC+AOSIS coalition,Grant-priority,0.06559502281925428,0.0
South Sudan,SSD,Global South & Climate-Vulnerable Coalition,11943410.0,,1.7,45.5,False,True,False,0.1423379085202634,3.809632257454111,,South Sudan,True,False,Yes,Fully costed,Both mitigation and adaptation,2021.0,https://unfccc.int/sites/default/files/NDC/2022-06/South%20Sudan%27s%20Second%20Nationally%20Determined%20Contribution.pdf,0.538547063713863,59.19360406526856,4.520463585091942,7.844139061553275,71.55820671191378,0.82720916,0.445491064195211,74-country LDC+AOSIS coalition,Grant-priority,0.04487892197615525,0.03712425534960092
Guyana,GUY,Global South & Climate-Vulnerable Coalition,831092.0,,4.5,117.3,False,True,False,5.414563008668114,141.1396090926155,,Guyana,True,False,Yes,Fully costed,Adaptation only,2016.0,https://unfccc.int/sites/default/files/NDC/2022-06/Guyana%27s%20revised%20NDC%20-%20Final.pdf,0.4062574841567121,0.4062574841567121,0.0,0.0,0.4062574841567121,1.0,0.4062574841567121,74-country LDC+AOSIS coalition,Grant-priority,0.033854790346392674,0.033854790346392674
Sao Tome and Principe,STP,Global South & Climate-Vulnerable Coalition,235548.0,825238400.0,0.1,4.0,False,True,False,0.4245419192691086,16.981676770764345,3503.482941905684,Sao Tome and Principe,True,False,Yes,Fully costed,Both mitigation and adaptation,2025.0,https://unfccc.int/sites/default/files/2025-09/NDC3.0_Sao_Tome_Principe_F.pdf,0.3936692913227955,0.0,0.0,0.5732794206167204,0.5732794206167204,0.0,0.0,74-country LDC+AOSIS coalition,Grant-priority,0.032805774276899624,0.0
Comoros,COM,Global South & Climate-Vulnerable Coalition,866632.0,1682076951.0,0.6,7.5,False,True,False,0.6923353857231213,8.654192321539016,1940.935657810928,Comoros,True,False,Yes,Fully costed,Both mitigation and adaptation,2021.0,https://unfccc.int/documents/497418 ,0.3714807768390596,0.7504097898052182,0.0893788335251873,0.3714807768390596,1.2112694001694653,0.6195234435049961,0.2301410500632452,74-country LDC+AOSIS coalition,Grant-priority,0.03095673140325497,0.019178420838603768
Central African Republic,CAF,Global South & Climate-Vulnerable Coalition,5330691.0,3752056621.0,0.4,12.3,False,True,False,0.0750371762309989,2.307393169103217,703.8593347466585,Central African Republic,True,False,Yes,Fully costed,Both mitigation and adaptation,2022.0,https://unfccc.int/sites/default/files/NDC/2022-06/CDN%20Revis%C3%A9e%20RCA.pdf,0.3189672000662267,1.0645027453746976,0.1995623140184589,0.0,1.2640650593931566,0.8421265483643195,0.2686107472332028,74-country LDC+AOSIS coalition,Grant-priority,0.02658060000551889,0.02238422893610023
Angola,AGO,Global South & Climate-Vulnerable Coalition,37885854.0,158346237030.0,22.3,739.6,False,True,False,0.5886101973575678,19.521798294424087,4179.560978881458,Angola,True,False,Yes,Fully costed,Both mitigation and adaptation,2025.0,https://unfccc.int/sites/default/files/2025-09/Angola%20NDC_September2025_Upload.pdf,0.2071503491189933,346.03214251331616,45.76271279189598,0.0,391.79485530521214,0.8831972595550128,0.182954620657759,74-country LDC+AOSIS coalition,Grant-priority,0.01726252909324944,0.015246218388146583
Gambia,GMB,Global South & Climate-Vulnerable Coalition,2759999.0,4656793663.0,0.8,17.7,False,True,False,0.2898551774837599,6.413045801828189,1687.244692117642,Gambia,True,False,Yes,Fully costed,Both mitigation and adaptation,2021.0,https://unfccc.int/sites/default/files/NDC/2022-06/Second%20NDC%20of%20The%20Republic%20of%20The%20Gambia-16-12-2021.pdf,0.1526469317668283,0.1758031674588036,0.0,0.0,0.1758031674588036,1.0,0.1526469317668283,74-country LDC+AOSIS coalition,Grant-priority,0.012720577647235692,0.012720577647235692
Tonga,TON,Global South & Climate-Vulnerable Coalition,104192.0,,0.2,4.9,False,True,False,1.9195331695331692,47.02856265356265,,Tonga,True,False,Yes,Fully costed,Both mitigation and adaptation,2025.0,https://unfccc.int/sites/default/files/2025-09/Tongas%20Third%20Nationally%20Determined%20Contribution.pdf,0.1183146089793314,0.357319622299025,0.0703235426865102,0.0,0.4276431649855352,0.8355555555555556,0.0988584288360636,74-country LDC+AOSIS coalition,Grant-priority,0.009859550748277617,0.008238202403005301
Saint Kitts and Nevis,KNA,Global South & Climate-Vulnerable Coalition,46867.0,,0.3,8.0,False,True,False,6.401092453111998,170.69579874965328,,Saint Kitts and Nevis,True,False,Yes,Fully costed,Both mitigation and adaptation,2021.0,https://unfccc.int/sites/default/files/NDC/2022-06/St.%20Kitts%20and%20Nevis%20Revised%20NDC_Updated.pdf,0.1000730787135107,0.6014814331438905,0.0,0.0,0.6014814331438905,1.0,0.1000730787135107,74-country LDC+AOSIS coalition,Grant-priority,0.008339423226125893,0.008339423226125893
Nepal,NPL,Global South & Climate-Vulnerable Coalition,29651054.0,95965910597.0,18.8,232.1,False,True,False,0.6340415419971243,7.827714994549604,3236.5092518127685,Nepal,True,False,Yes,Fully costed,Both mitigation and adaptation,2025.0,https://unfccc.int/sites/default/files/2025-05/Nepal%20NDC3.pdf,0.0541681342315011,65.76093223064656,23.915725428642844,0.0541681342315011,89.7308257935209,0.7328689070795879,0.0396981413327806,74-country LDC+AOSIS coalition,Grant-priority,0.004514011185958425,0.0033081784443983833
Saint Vincent and the Grenadines,VCT,Global South & Climate-Vulnerable Coalition,100630.0,,0.3,8.0,True,True,True,2.981218324555301,79.4991553214747,,Saint Vincent and the Grenadines,True,False,Yes,Partially costed,Both mitigation and adaptation,2025.0,https://unfccc.int/sites/default/files/2025-10/Revised%20NDC%202.0%20Final.pdf,0.0457189420020899,0.1809042898214972,0.0,0.0,0.1809042898214972,1.0,0.0457189420020899,74-country LDC+AOSIS coalition,Loan-eligible,0.003809911833507492,0.003809911833507492
Liberia,LBR,Global South & Climate-Vulnerable Coalition,5612813.0,4231561135.0,0.9,52.5,False,True,False,0.1603474051246674,9.353598632272266,753.9109418040473,Liberia,True,False,Yes,Partially costed,Both mitigation and adaptation,2025.0,https://unfccc.int/sites/default/files/2025-09/Liberias_2035_NDC_3.0_Final.pdf ,0.0180560447438337,0.152431030363733,0.0,0.0750751334085717,0.2275061637723047,0.6700083542188805,0.0120977008225184,74-country LDC+AOSIS coalition,Grant-priority,0.001504670395319475,0.0010081417352098667
Solomon Islands,SLB,Global South & Climate-Vulnerable Coalition,819206.0,,0.3,11.6,False,True,False,0.36620825531063,14.160052538677697,,Solomon Islands,True,False,Yes,Partially costed,Adaptation only,2025.0,https://unfccc.int/sites/default/files/2025-08/Solomon%20Islands%20NDC3.0_0.pdf,0.0111187222896239,0.0,0.0,2.1018186399966856,2.1018186399966856,0.0,0.0,74-country LDC+AOSIS coalition,Grant-priority,0.0009265601908019917,0.0
Nauru,NRU,Global South & Climate-Vulnerable Coalition,11968.0,,0.1,5.1,False,True,False,8.355614973262032,426.1363636363636,,Nauru,True,False,Yes,Partially costed,Both mitigation and adaptation,2021.0,https://unfccc.int/sites/default/files/NDC/2022-06/Nauru%20Updated%20NDC%20pdf.pdf,0.0004171843451304,0.0242793417463187,0.0009744796590028,0.0,0.0252538214053216,0.9614125861047906,0.0004010862801343,74-country LDC+AOSIS coalition,Grant-priority,3.47653620942e-05,3.342385667785833e-05
Myanmar,MMR,Global South & Climate-Vulnerable Coalition,54500086.0,291025085135.0,31.6,727.9,False,True,False,0.5798155988230917,13.355942227320522,5339.901392724408,Myanmar,True,False,Yes,Partially costed,Both mitigation and adaptation,2021.0,https://unfccc.int/sites/default/files/NDC/2022-06/Myanmar%20Updated%20%20NDC%20July%202021.pdf,0.000228270679411,1.753117862063328,2.4850018444846294,0.001874109433785,4.239993815981742,0.413471796929356,9.438348800235312e-05,74-country LDC+AOSIS coalition,Grant-priority,1.9022556617583332e-05,7.86529066686276e-06
Antigua and Barbuda,ATG,Global South & Climate-Vulnerable Coalition,93782.0,,0.7,26.9,False,True,False,7.464118914077328,286.8354268409716,,Antigua and Barbuda,True,False,Yes,Fully costed,Both mitigation and adaptation,2021.0,https://unfccc.int/sites/default/files/NDC/2022-06/ATG%20-%20UNFCCC%20NDC%20-%202021-09-02%20-%20Final.pdf,,0.0,0.0,0.9660357906108358,0.9660357906108358,0.0,,74-country LDC+AOSIS coalition,Grant-priority,,
Bahamas,BHS,Global South & Climate-Vulnerable Coalition,401282.0,,3.1,180.6,False,True,False,7.725240603864614,450.0575655025643,,Bahamas,True,False,Yes,Fully costed,Both mitigation and adaptation,2022.0,https://unfccc.int/sites/default/files/NDC/2022-11/Bahamas%20Updated%20Nationally%20Determined%20Contributio,,0.0,0.0,2.6502369373805026,2.6502369373805026,0.0,,74-country LDC+AOSIS coalition,Grant-priority,,
Bhutan,BTN,Global South & Climate-Vulnerable Coalition,791530.0,,1.7,29.8,False,True,False,2.147739188659937,37.64860460121537,,Bhutan,True,False,Yes,Partially costed,Mitigation only,2021.0,https://unfccc.int/sites/default/files/NDC/2022-06/Second%20NDC%20Bhutan.pdf,,0.0,0.0,2.7191839473521053,2.7191839473521053,0.0,,74-country LDC+AOSIS coalition,Grant-priority,,
Cuba,CUB,Global South & Climate-Vulnerable Coalition,10979781.0,84154971449.0,24.4,1814.1,False,True,False,2.2222665461178144,165.2218746439478,7664.540071336578,Cuba,True,False,Yes,Partially costed,Mitigation only,2025.0,https://unfccc.int/sites/default/files/2025-02/REPUBLICA%20DE%20CUBA%20CND3.0.pdf,,0.4152890291081753,0.5891972495356264,1.8510149686136843,2.8555012472574863,0.1454347216647277,,74-country LDC+AOSIS coalition,Grant-priority,,
East Timor,TLS,Global South & Climate-Vulnerable Coalition,1400638.0,,0.7,12.1,False,True,False,0.4997722466475991,8.638920263479928,,Timor-Leste,True,True,No,No needs quantified,,2022.0,https://unfccc.int/sites/default/files/NDC/2022-11/Timor_Leste%20Updated%20NDC%202022_2030.pdf,,0.0,0.0,0.0,0.0,,,74-country LDC+AOSIS coalition,Grant-priority,,
Fiji,FJI,Global South & Climate-Vulnerable Coalition,928800.0,,1.4,54.1,False,True,False,1.5073212747631353,58.24720068906115,,Fiji,True,False,Yes,Fully costed,Mitigation only,2020.0,https://unfccc.int/sites/default/files/NDC/2022-06/Republic%20of%20Fiji%27s%20Updated%20NDC%2020201.pdf,,1.845963079308094,0.0,0.0,1.845963079308094,1.0,,74-country LDC+AOSIS coalition,Grant-priority,,
Grenada,GRD,Global South & Climate-Vulnerable Coalition,117218.0,,0.4,9.6,False,True,True,3.4124451875991744,81.89868450238018,,Grenada,True,False,Yes,Fully costed,Mitigation only,2020.0,https://unfccc.int/sites/default/files/NDC/2022-06/GrenadaSecondNDC2020%20-%2001-12-20.pdf,,0.0,0.0,0.7639595218132154,0.7639595218132154,0.0,,74-country LDC+AOSIS coalition,Grant-priority,,
Guinea-Bissau,GNB,Global South & Climate-Vulnerable Coalition,2201360.0,3259313986.0,0.3,8.3,False,True,False,0.1362793909219755,3.770396482174656,1480.5910827851874,Guinea-Bissau,True,False,Yes,Fully costed,Mitigation only,2021.0,https://unfccc.int/sites/default/files/NDC/2022-06/NDC-Guinea%20Bissau-12102021.Final.pdf,,0.4014415396538361,0.0951724149268452,0.0,0.4966139545806814,0.80835734870317,,74-country LDC+AOSIS coalition,Grant-priority,,
Jamaica,JAM,Global South & Climate-Vulnerable Coalition,2839182.0,20019224153.0,8.4,485.2,False,True,False,2.9585986386219694,170.89429279278326,7051.053491111172,Jamaica,True,False,No,No needs quantified,,2025.0,https://unfccc.int/sites/default/files/2025-09/Jamaica%20ICTU%20Final%20Report%20Sep19.pdf,,0.0,0.0,0.0,0.0,,,74-country LDC+AOSIS coalition,Grant-priority,,
Kiribati,KIR,Global South & Climate-Vulnerable Coalition,134521.0,,0.1,2.3,False,True,False,0.7433783572825061,17.09770221749764,,Kiribati,True,False,Yes,Partially costed,Mitigation only,2023.0,https://unfccc.int/sites/default/files/NDC/2023-03/221213%20Kiribati%20NDC%20Web%20Quality.pdf,,0.0,0.0,0.1339443636363636,0.1339443636363636,0.0,,74-country LDC+AOSIS coalition,Grant-priority,,
Laos,LAO,Global South & Climate-Vulnerable Coalition,7769823.0,54953902901.0,24.4,243.0,False,True,False,3.140354677320192,31.274843712656004,7072.735492301434,Lao People's Democratic Republic,True,True,Yes,Fully costed,Mitigation only,2021.0,https://unfccc.int/sites/default/files/NDC/2022-06/NDC%202020%20of%20Lao%20PDR%20%28English%29%2C%2009%20April%202021%20%281%29.pdf,,3.5676917160679915,0.0,0.0,3.5676917160679915,1.0,,74-country LDC+AOSIS coalition,Grant-priority,,
Maldives,MDV,Global South & Climate-Vulnerable Coalition,527801.0,,2.3,33.7,False,True,True,4.357702997910197,63.84982218677115,,Maldives,True,False,No,No needs quantified,,2025.0,https://unfccc.int/sites/default/files/2025-02/Maldives%E2%80%99%20Third%20Nationally%20Determined%20Contribution.pdf,,0.0,0.0,0.0,0.0,,,74-country LDC+AOSIS coalition,Grant-priority,,
Marshall Islands,MHL,Global South & Climate-Vulnerable Coalition,37572.0,,0.2,4.0,False,True,False,5.323112956456936,106.46225912913872,,Marshall Islands,True,False,No,No needs quantified,,2025.0,https://unfccc.int/sites/default/files/2025-02/Republic%20of%20the%20Marshall%20Islands%20NDC%203.0.pdf,,0.0,0.0,0.0,0.0,,,74-country LDC+AOSIS coalition,Grant-priority,,
Mauritius,MUS,Global South & Climate-Vulnerable Coalition,1271171.0,26988574640.0,4.7,133.2,False,True,True,3.6973782441544056,104.78527279178016,21231.2699392922,Mauritius,True,False,Yes,Fully costed,Both mitigation and adaptation,2025.0,https://unfccc.int/sites/default/files/2025-09/NDC%203.0%20%20Mauritius.pdf,,0.747862366926704,0.3116093195527933,0.0,1.0594716864794975,0.7058823529411764,,74-country LDC+AOSIS coalition,Grant-priority,,
Mozambique,MOZ,Global South & Climate-Vulnerable Coalition,34631767.0,31441725629.0,8.6,211.2,False,True,False,0.2483269190393894,6.098447128037099,907.8868435734164,Mozambique,True,False,Yes,Fully costed,Both mitigation and adaptation,2021.0,https://unfccc.int/sites/default/files/NDC/2022-06/NDC_EN_Final.pdf,,0.0,0.0,3.4121406384470605,3.4121406384470605,0.0,,74-country LDC+AOSIS coalition,Grant-priority,,
Palau,PLW,Global South & Climate-Vulnerable Coalition,17719.0,,0.2,11.4,False,True,False,11.287318697443425,643.3771657542751,,Palau,True,False,Yes,Partially costed,Mitigation only,2016.0,https://unfccc.int/sites/default/files/NDC/2022-06/Palau_INDC.Final%20Copy.pdf,,0.0,0.0,0.0023275168363144,0.0023275168363144,0.0,,74-country LDC+AOSIS coalition,Grant-priority,,
Saint Lucia,LCA,Global South & Climate-Vulnerable Coalition,179751.0,1749086152.0,0.5,16.5,True,True,True,2.781625693320204,91.79364787956672,9730.605960467536,Saint Lucia,True,False,Yes,Fully costed,Mitigation only,2025.0,https://unfccc.int/sites/default/files/2025-02/Saint%20Lucias%20Third%20Nationally%20Determined%20Contribution.pdf,,0.483711935505861,0.0,0.0,0.483711935505861,1.0,,74-country LDC+AOSIS coalition,Loan-eligible,,
Samoa,WSM,Global South & Climate-Vulnerable Coalition,218031.0,,0.2,7.8,False,True,False,0.9173007508106644,35.77472928161592,,Samoa,True,False,No,No needs quantified,,2021.0,https://unfccc.int/sites/default/files/NDC/2022-06/Samoa%27s%20Second%20NDC%20for%20UNFCCC%20Submission.pdf,,0.0,0.0,0.0,0.0,,,74-country LDC+AOSIS coalition,Grant-priority,,
Seychelles,SYC,Global South & Climate-Vulnerable Coalition,130436.0,3053368129.0,0.7,16.1,False,True,False,5.36661657824527,123.4321812996412,23408.93717225306,Seychelles,True,False,No,No needs quantified,,2025.0,https://unfccc.int/sites/default/files/2025-09/ICTU%20Update%202025%20for%20Seychelles%20new%20NDC%203.0.pdf,,0.0,0.0,0.0,0.0,,,74-country LDC+AOSIS coalition,Grant-priority,,
Sierra Leone,SLE,Global South & Climate-Vulnerable Coalition,8642029.0,11681270534.0,1.4,42.6,False,True,False,0.1619989935233959,4.929397945783334,1351.6814782732156,Sierra Leone,True,False,Yes,Fully costed,Both mitigation and adaptation,2021.0,https://unfccc.int/sites/default/files/NDC/2022-06/210804%202125%20SL%20NDC%20%281%29.pdf,,1.9778688335172965,0.0,0.0,1.9778688335172965,1.0,,74-country LDC+AOSIS coalition,Grant-priority,,
Suriname,SUR,Global South & Climate-Vulnerable Coalition,634438.0,,3.0,128.8,False,True,False,4.728594441064375,203.01432133636385,,Suriname,True,False,Yes,Partially costed,Both mitigation and adaptation,2020.0,https://unfccc.int/sites/default/files/NDC/2022-06/Suriname%20Second%20NDC.pdf,,0.0,0.0,0.4693918112468407,0.4693918112468407,0.0,,74-country LDC+AOSIS coalition,Grant-priority,,
Tanzania,TZA,Global South & Climate-Vulnerable Coalition,68560162.0,198220407805.0,20.0,344.9,False,True,False,0.291714596590364,5.030618218200826,2891.18931494065,United Republic of Tanzania,True,True,Yes,Fully costed,Both mitigation and adaptation,2021.0,https://unfccc.int/sites/default/files/NDC/2022-06/TANZANIA_NDC_SUBMISSION_30%20JULY%202021.pdf,,13.762195963786665,0.0,0.0,13.762195963786665,1.0,,74-country LDC+AOSIS coalition,Grant-priority,,
Trinidad and Tobago,TTO,Global South & Climate-Vulnerable Coalition,1507778.0,37513383973.0,34.6,1711.0,False,True,False,22.94767532090268,1134.7824414469503,24879.912011582608,Trinidad and Tobago,True,False,Yes,Fully costed,Mitigation only,2018.0,https://unfccc.int/sites/default/files/NDC/2022-06/Trinidad%20and%20Tobago%20Final%20INDC.pdf,,0.0,0.0,1.3067760571573688,1.3067760571573688,0.0,,74-country LDC+AOSIS coalition,Grant-priority,,
Tuvalu,TUV,Global South & Climate-Vulnerable Coalition,9669.0,,0.0,0.3,False,True,False,0.0,31.026993484331367,,Tuvalu,True,False,No,No needs quantified,,2025.0,https://unfccc.int/sites/default/files/2025-09/Tuvalu%20NDC%203.0%20-%20Secretariat%20Submission%20FINAL.pdf ,,0.0,0.0,0.0,0.0,,,74-country LDC+AOSIS coalition,Grant-priority,,
Yemen,YEM,Global South & Climate-Vulnerable Coalition,40583173.0,60852995288.0,10.1,708.0,False,True,False,0.2488716197720666,17.44565413847754,1499.4637133966828,Yemen,False,False,,,,,,,,,,,,,74-country LDC+AOSIS coalition,Grant-priority,,
Zambia,ZMB,Global South & Climate-Vulnerable Coalition,21314962.0,68469600029.0,12.0,300.8,False,True,False,0.562984817894585,14.112152768557598,3212.27877530347,Zambia,True,False,Yes,Fully costed,Mitigation only,2025.0,https://unfccc.int/sites/default/files/2025-03/Provisional%20NDC%20Submission_Zambia_Revised%20and%20Updated_NDC_100325.pdf #,,25.045372349169817,10.733731006787064,0.0,35.77910335595688,0.7000000000000001,,74-country LDC+AOSIS coalition,Grant-priority,,
