scenario,country,scenario_slug
74-country LDC+AOSIS coalition,Afghanistan,74_country_ldc_aosis_coalition
74-country LDC+AOSIS coalition,Angola,74_country_ldc_aosis_coalition
74-country LDC+AOSIS coalition,Antigua and Barbuda,74_country_ldc_aosis_coalition
74-country LDC+AOSIS coalition,Bahamas,74_country_ldc_aosis_coalition
74-country LDC+AOSIS coalition,Bangladesh,74_country_ldc_aosis_coalition
74-country LDC+AOSIS coalition,Barbados,74_country_ldc_aosis_coalition
74-country LDC+AOSIS coalition,Belize,74_country_ldc_aosis_coalition
74-country LDC+AOSIS coalition,Benin,74_country_ldc_aosis_coalition
74-country LDC+AOSIS coalition,Bhutan,74_country_ldc_aosis_coalition
74-country LDC+AOSIS coalition,Burkina Faso,74_country_ldc_aosis_coalition
74-country LDC+AOSIS coalition,Burundi,74_country_ldc_aosis_coalition
74-country LDC+AOSIS coalition,Cambodia,74_country_ldc_aosis_coalition
74-country LDC+AOSIS coalition,Cape Verde,74_country_ldc_aosis_coalition
74-country LDC+AOSIS coalition,Central African Republic,74_country_ldc_aosis_coalition
74-country LDC+AOSIS coalition,Chad,74_country_ldc_aosis_coalition
74-country LDC+AOSIS coalition,Comoros,74_country_ldc_aosis_coalition
74-country LDC+AOSIS coalition,Cuba,74_country_ldc_aosis_coalition
74-country LDC+AOSIS coalition,Democratic Republic of Congo,74_country_ldc_aosis_coalition
74-country LDC+AOSIS coalition,Djibouti,74_country_ldc_aosis_coalition
74-country LDC+AOSIS coalition,Dominica,74_country_ldc_aosis_coalition
74-country LDC+AOSIS coalition,Dominican Republic,74_country_ldc_aosis_coalition
74-country LDC+AOSIS coalition,East Timor,74_country_ldc_aosis_coalition
74-country LDC+AOSIS coalition,Eritrea,74_country_ldc_aosis_coalition
74-country LDC+AOSIS coalition,Ethiopia,74_country_ldc_aosis_coalition
74-country LDC+AOSIS coalition,Fiji,74_country_ldc_aosis_coalition
74-country LDC+AOSIS coalition,Gambia,74_country_ldc_aosis_coalition
74-country LDC+AOSIS coalition,Grenada,74_country_ldc_aosis_coalition
74-country LDC+AOSIS coalition,Guinea,74_country_ldc_aosis_coalition
74-country LDC+AOSIS coalition,Guinea-Bissau,74_country_ldc_aosis_coalition
74-country LDC+AOSIS coalition,Guyana,74_country_ldc_aosis_coalition
74-country LDC+AOSIS coalition,Haiti,74_country_ldc_aosis_coalition
74-country LDC+AOSIS coalition,Jamaica,74_country_ldc_aosis_coalition
74-country LDC+AOSIS coalition,Kiribati,74_country_ldc_aosis_coalition
74-country LDC+AOSIS coalition,Laos,74_country_ldc_aosis_coalition
74-country LDC+AOSIS coalition,Lesotho,74_country_ldc_aosis_coalition
74-country LDC+AOSIS coalition,Liberia,74_country_ldc_aosis_coalition
74-country LDC+AOSIS coalition,Madagascar,74_country_ldc_aosis_coalition
74-country LDC+AOSIS coalition,Malawi,74_country_ldc_aosis_coalition
74-country LDC+AOSIS coalition,Maldives,74_country_ldc_aosis_coalition
74-country LDC+AOSIS coalition,Mali,74_country_ldc_aosis_coalition
74-country LDC+AOSIS coalition,Marshall Islands,74_country_ldc_aosis_coalition
74-country LDC+AOSIS coalition,Mauritania,74_country_ldc_aosis_coalition
74-country LDC+AOSIS coalition,Mauritius,74_country_ldc_aosis_coalition
74-country LDC+AOSIS coalition,Micronesia (country),74_country_ldc_aosis_coalition
74-country LDC+AOSIS coalition,Mozambique,74_country_ldc_aosis_coalition
74-country LDC+AOSIS coalition,Myanmar,74_country_ldc_aosis_coalition
74-country LDC+AOSIS coalition,Nauru,74_country_ldc_aosis_coalition
74-country LDC+AOSIS coalition,Nepal,74_country_ldc_aosis_coalition
74-country LDC+AOSIS coalition,Niger,74_country_ldc_aosis_coalition
74-country LDC+AOSIS coalition,Palau,74_country_ldc_aosis_coalition
74-country LDC+AOSIS coalition,Papua New Guinea,74_country_ldc_aosis_coalition
74-country LDC+AOSIS coalition,Rwanda,74_country_ldc_aosis_coalition
74-country LDC+AOSIS coalition,Saint Kitts and Nevis,74_country_ldc_aosis_coalition
74-country LDC+AOSIS coalition,Saint Lucia,74_country_ldc_aosis_coalition
74-country LDC+AOSIS coalition,Saint Vincent and the Grenadines,74_country_ldc_aosis_coalition
74-country LDC+AOSIS coalition,Samoa,74_country_ldc_aosis_coalition
74-country LDC+AOSIS coalition,Sao Tome and Principe,74_country_ldc_aosis_coalition
74-country LDC+AOSIS coalition,Senegal,74_country_ldc_aosis_coalition
74-country LDC+AOSIS coalition,Seychelles,74_country_ldc_aosis_coalition
74-country LDC+AOSIS coalition,Sierra Leone,74_country_ldc_aosis_coalition
74-country LDC+AOSIS coalition,Solomon Islands,74_country_ldc_aosis_coalition
74-country LDC+AOSIS coalition,Somalia,74_country_ldc_aosis_coalition
74-country LDC+AOSIS coalition,South Sudan,74_country_ldc_aosis_coalition
74-country LDC+AOSIS coalition,Sudan,74_country_ldc_aosis_coalition
74-country LDC+AOSIS coalition,Suriname,74_country_ldc_aosis_coalition
74-country LDC+AOSIS coalition,Tanzania,74_country_ldc_aosis_coalition
74-country LDC+AOSIS coalition,Togo,74_country_ldc_aosis_coalition
74-country LDC+AOSIS coalition,Tonga,74_country_ldc_aosis_coalition
74-country LDC+AOSIS coalition,Trinidad and Tobago,74_country_ldc_aosis_coalition
74-country LDC+AOSIS coalition,Tuvalu,74_country_ldc_aosis_coalition
74-country LDC+AOSIS coalition,Uganda,74_country_ldc_aosis_coalition
74-country LDC+AOSIS coalition,Vanuatu,74_country_ldc_aosis_coalition
74-country LDC+AOSIS coalition,Yemen,74_country_ldc_aosis_coalition
74-country LDC+AOSIS coalition,Zambia,74_country_ldc_aosis_coalition
20-country selected coalition,Dominica,20_country_selected_coalition
20-country selected coalition,Dominican Republic,20_country_selected_coalition
20-country selected coalition,Grenada,20_country_selected_coalition
20-country selected coalition,Maldives,20_country_selected_coalition
20-country selected coalition,Mauritius,20_country_selected_coalition
20-country selected coalition,Saint Lucia,20_country_selected_coalition
20-country selected coalition,Saint Vincent and the Grenadines,20_country_selected_coalition
20-country selected coalition,Albania,20_country_selected_coalition
20-country selected coalition,Bosnia and Herzegovina,20_country_selected_coalition
20-country selected coalition,Botswana,20_country_selected_coalition
20-country selected coalition,Brazil,20_country_selected_coalition
20-country selected coalition,Colombia,20_country_selected_coalition
20-country selected coalition,Gabon,20_country_selected_coalition
20-country selected coalition,Kazakhstan,20_country_selected_coalition
20-country selected coalition,Malaysia,20_country_selected_coalition
20-country selected coalition,Mexico,20_country_selected_coalition
20-country selected coalition,Montenegro,20_country_selected_coalition
20-country selected coalition,Serbia,20_country_selected_coalition
20-country selected coalition,South Africa,20_country_selected_coalition
20-country selected coalition,Thailand,20_country_selected_coalition
