country,iso3,original_bloc,population_2024,gdp_2022_ppp_2011_intl_usd,co2_2024_mt,cumulative_co2_through_2024_mt,loan_eligible,member_74_country_ldc_aosis_coalition,member_20_country_selected_coalition,co2_per_capita_2024_t,cumulative_co2_per_capita_t,gdp_per_capita_2022_ppp_2011_intl_usd,cpi_country,cpi_match_found,alias_applied,cpi_needs_quantified,cpi_data_coverage,cpi_thematic_coverage,ndc_publication_year,ndc_source_url,adaptation_need_2024_2035_usd_bn,conditional_need_all_objectives_usd_bn,unconditional_need_all_objectives_usd_bn,unspecified_need_all_objectives_usd_bn,classified_total_need_all_objectives_usd_bn,conditional_share_all_objectives,external_support_gap_proxy_2024_2035_usd_bn
China,CHN,China,1419321284,26966016991166,12289.0,285087.0,False,False,False,8.658363781713007,200.86149853016647,18999.23385575468,China,True,False,No,No needs quantified,,2021.0,https://unfccc.int/sites/default/files/NDC/2022-06/%E4%B8%AD%E5%9B%BD%E8%90%BD%E5%AE%9E%E5%9B%BD%E5%AE%B6%E8%87%AA%E4%B8%BB%E8%B4%A1%E7%8C%AE%E6%88%90%E6%95%88%E5%92%8C%E6%96%B0%E7%9B%AE%E6%A0%87%E6%96%B0%E4%B8%BE%E6%8E%AA.pdf,,0.0,0.0,0.0,0.0,,
Austria,AUT,European Union (27),9120815,398815419150,56.4,5749.7,False,False,False,6.18365792969159,630.3932269210592,43725.85335301725,Austria,True,False,No,No needs quantified,,2023.0,https://unfccc.int/sites/default/files/NDC/2023-10/ES-2023-10-17%20EU%20submission%20NDC%20update.pdf,,0.0,0.0,0.0,0.0,,
Belgium,BEL,European Union (27),11738761,489678394377,85.5,12906.2,False,False,False,7.283562549744389,1099.4516371872637,41714.657481909715,Belgium,True,False,No,No needs quantified,,2023.0,https://unfccc.int/sites/default/files/NDC/2023-10/ES-2023-10-17%20EU%20submission%20NDC%20update.pdf,,0.0,0.0,0.0,0.0,,
Bulgaria,BGR,European Union (27),6757686,138390156500,31.6,3984.2,False,False,False,4.676156897494201,589.5805161707721,20478.92673616383,Bulgaria,True,False,No,No needs quantified,,2023.0,https://unfccc.int/sites/default/files/NDC/2023-10/ES-2023-10-17%20EU%20submission%20NDC%20update.pdf,,0.0,0.0,0.0,0.0,,
Croatia,HRV,European Union (27),3875325,102284645672,18.5,1184.7,False,False,False,4.773793165734487,305.7033926186836,26393.823917219845,Croatia,True,False,No,No needs quantified,,2023.0,https://unfccc.int/sites/default/files/NDC/2023-10/ES-2023-10-17%20EU%20submission%20NDC%20update.pdf,,0.0,0.0,0.0,0.0,,
Cyprus,CYP,European Union (27),1358287,34255009922,7.3,321.6,False,False,False,5.374416452487582,236.76881248219266,25219.272452729063,Cyprus,True,False,No,No needs quantified,,2023.0,https://unfccc.int/sites/default/files/NDC/2023-10/ES-2023-10-17%20EU%20submission%20NDC%20update.pdf,,0.0,0.0,0.0,0.0,,
Czechia,CZE,European Union (27),10735857,342966849621,75.6,12331.8,False,False,False,7.041822557807914,1148.655389131953,31945.921934411013,Czechia,True,False,No,No needs quantified,,2023.0,https://unfccc.int/sites/default/files/NDC/2023-10/ES-2023-10-17%20EU%20submission%20NDC%20update.pdf,,0.0,0.0,0.0,0.0,,
Denmark,DNK,European Union (27),5977417,299429011832,28.4,4199.7,False,False,False,4.751216118935654,702.5944484047207,50093.378432858204,Denmark,True,False,No,No needs quantified,,2023.0,https://unfccc.int/sites/default/files/NDC/2023-10/ES-2023-10-17%20EU%20submission%20NDC%20update.pdf,,0.0,0.0,0.0,0.0,,
Estonia,EST,European Union (27),1360548,39999856613,8.3,1668.5,False,False,False,6.1004830406571475,1226.3440907634276,29399.812879075194,Estonia,True,False,No,No needs quantified,,2023.0,https://unfccc.int/sites/default/files/NDC/2023-10/ES-2023-10-17%20EU%20submission%20NDC%20update.pdf,,0.0,0.0,0.0,0.0,,
Finland,FIN,European Union (27),5617311,226154847456,29.8,3324.8,False,False,False,5.305029399297991,591.8846223753678,40260.3394143568,Finland,True,False,No,No needs quantified,,2023.0,https://unfccc.int/sites/default/files/NDC/2023-10/ES-2023-10-17%20EU%20submission%20NDC%20update.pdf,,0.0,0.0,0.0,0.0,,
France,FRA,European Union (27),66548532,2671568767031,264.2,40047.6,False,False,False,3.9700349813877187,601.7803668456578,40144.66866122607,France,True,False,No,No needs quantified,,2023.0,https://unfccc.int/sites/default/files/NDC/2023-10/ES-2023-10-17%20EU%20submission%20NDC%20update.pdf,,0.0,0.0,0.0,0.0,,
Germany,DEU,European Union (27),84552234,3909612753939,572.3,95135.7,False,False,False,6.768597030801102,1125.1707435666335,46239.02372513303,Germany,True,False,No,No needs quantified,,2023.0,https://unfccc.int/sites/default/files/NDC/2023-10/ES-2023-10-17%20EU%20submission%20NDC%20update.pdf,,0.0,0.0,0.0,0.0,,
Greece,GRC,European Union (27),10047813,263892672733,53.4,4296.8,False,False,False,5.314589353922092,427.6353471148398,26263.692679491545,Greece,True,False,No,No needs quantified,,2023.0,https://unfccc.int/sites/default/files/NDC/2023-10/ES-2023-10-17%20EU%20submission%20NDC%20update.pdf,,0.0,0.0,0.0,0.0,,
Hungary,HUN,European Union (27),9676135,285385229433,40.0,5183.9,False,False,False,4.133881968368569,535.7407683956455,29493.72134979514,Hungary,True,False,No,No needs quantified,,2023.0,https://unfccc.int/sites/default/files/NDC/2023-10/ES-2023-10-17%20EU%20submission%20NDC%20update.pdf,,0.0,0.0,0.0,0.0,,
Ireland,IRL,European Union (27),5255016,308390920561,33.3,2366.4,False,False,False,6.336802780429212,450.3126156038345,58685.05834444652,Ireland,True,False,No,No needs quantified,,2023.0,https://unfccc.int/sites/default/files/NDC/2023-10/ES-2023-10-17%20EU%20submission%20NDC%20update.pdf,,0.0,0.0,0.0,0.0,,
Italy,ITA,European Union (27),59342870,2136009300257,301.9,26005.9,False,False,False,5.087384550157416,438.23124833699484,35994.37135846311,Italy,True,False,No,No needs quantified,,2023.0,https://unfccc.int/sites/default/files/NDC/2023-10/ES-2023-10-17%20EU%20submission%20NDC%20update.pdf,,0.0,0.0,0.0,0.0,,
Latvia,LVA,European Union (27),1871874,51248480035,6.5,980.8,False,False,False,3.472455945218535,523.9668909338983,27378.167566299868,Latvia,True,False,No,No needs quantified,,2023.0,https://unfccc.int/sites/default/files/NDC/2023-10/ES-2023-10-17%20EU%20submission%20NDC%20update.pdf,,0.0,0.0,0.0,0.0,,
Lithuania,LTU,European Union (27),2859112,84814257826,12.5,1610.1,False,False,False,4.371986826679053,563.1468791708754,29664.545434386622,Lithuania,True,False,No,No needs quantified,,2023.0,https://unfccc.int/sites/default/files/NDC/2023-10/ES-2023-10-17%20EU%20submission%20NDC%20update.pdf,,0.0,0.0,0.0,0.0,,
Luxembourg,LUX,European Union (27),673042,36128358732,7.0,783.0,False,False,False,10.400539639428148,1163.3746482388915,53679.20387137801,Luxembourg,True,False,No,No needs quantified,,2023.0,https://unfccc.int/sites/default/files/NDC/2023-10/ES-2023-10-17%20EU%20submission%20NDC%20update.pdf,,0.0,0.0,0.0,0.0,,
Malta,MLT,European Union (27),539612,18295132993,1.7,111.2,False,False,False,3.1504117773511338,206.073993906733,33904.23673491323,Malta,True,False,No,No needs quantified,,2023.0,https://unfccc.int/sites/default/files/NDC/2023-10/ES-2023-10-17%20EU%20submission%20NDC%20update.pdf,,0.0,0.0,0.0,0.0,,
Netherlands,NLD,European Union (27),18228740,879609110665,114.8,12261.7,False,False,False,6.2977474032763645,672.657572602385,48253.972060877495,Netherlands,True,False,No,No needs quantified,,2023.0,https://unfccc.int/sites/default/files/NDC/2023-10/ES-2023-10-17%20EU%20submission%20NDC%20update.pdf,,0.0,0.0,0.0,0.0,,
Poland,POL,European Union (27),38539209,1231021338216,272.9,29043.9,False,False,False,7.081100185527939,753.6195151280868,31942.049931953716,Poland,True,False,No,No needs quantified,,2023.0,https://unfccc.int/sites/default/files/NDC/2023-10/ES-2023-10-17%20EU%20submission%20NDC%20update.pdf,,0.0,0.0,0.0,0.0,,
Portugal,PRT,European Union (27),10425291,295712910456,35.5,2767.6,False,False,False,3.405180728288544,265.46980798905275,28364.955036363015,Portugal,True,False,No,No needs quantified,,2023.0,https://unfccc.int/sites/default/files/NDC/2023-10/ES-2023-10-17%20EU%20submission%20NDC%20update.pdf,,0.0,0.0,0.0,0.0,,
Romania,ROU,European Union (27),19015096,504741667296,68.6,8861.8,False,False,False,3.607659935032671,466.0402450768589,26544.26079657973,Romania,True,False,No,No needs quantified,,2023.0,https://unfccc.int/sites/default/files/NDC/2023-10/ES-2023-10-17%20EU%20submission%20NDC%20update.pdf,,0.0,0.0,0.0,0.0,,
Slovakia,SVK,European Union (27),5506759,150360426456,29.1,4028.3,False,False,False,5.2844150252444315,731.519211209352,27304.70435622841,Slovakia,True,False,No,No needs quantified,,2023.0,https://unfccc.int/sites/default/files/NDC/2023-10/ES-2023-10-17%20EU%20submission%20NDC%20update.pdf,,0.0,0.0,0.0,0.0,,
Slovenia,SVN,European Union (27),2118692,69385349463,12.8,911.4,False,False,False,6.0414633179338955,430.1710678097619,32749.14402990147,Slovenia,True,False,No,No needs quantified,,2023.0,https://unfccc.int/sites/default/files/NDC/2023-10/ES-2023-10-17%20EU%20submission%20NDC%20update.pdf,,0.0,0.0,0.0,0.0,,
Spain,ESP,European Union (27),47910533,1625139888517,220.3,15700.2,False,False,False,4.598153813066534,327.6982954875497,33920.30492578741,Spain,True,False,No,No needs quantified,,2023.0,https://unfccc.int/sites/default/files/NDC/2023-10/ES-2023-10-17%20EU%20submission%20NDC%20update.pdf,,0.0,0.0,0.0,0.0,,
Sweden,SWE,European Union (27),10606993,494214521158,38.1,5134.6,False,False,False,3.5919699390769844,484.0768726820127,46593.273056558064,Sweden,True,False,No,No needs quantified,,2023.0,https://unfccc.int/sites/default/files/NDC/2023-10/ES-2023-10-17%20EU%20submission%20NDC%20update.pdf,,0.0,0.0,0.0,0.0,,
Afghanistan,AFG,Global South & Climate-Vulnerable Coalition,42647502,53303471617,10.8,242.6,False,True,False,0.2532387477231375,5.688492610891958,1249.8615186652667,Afghanistan,True,False,Yes,Fully costed,Both mitigation and adaptation,2016.0,https://unfccc.int/sites/default/files/NDC/2022-06/INDC_AFG_20150927_FINAL.pdf,8.080124980636977,12.290630533829356,0.0,0.0,12.290630533829356,1.0,8.080124980636977
Angola,AGO,Global South & Climate-Vulnerable Coalition,37885854,158346237030,22.3,739.6,False,True,False,0.5886101973575678,19.521798294424087,4179.560978881458,Angola,True,False,Yes,Fully costed,Both mitigation and adaptation,2025.0,https://unfccc.int/sites/default/files/2025-09/Angola%20NDC_September2025_Upload.pdf,0.20715034911899333,346.03214251331616,45.76271279189598,0.0,391.79485530521214,0.8831972595550128,0.18295462065775908
Antigua and Barbuda,ATG,Global South & Climate-Vulnerable Coalition,93782,,0.7,26.9,False,True,False,7.4641189140773285,286.8354268409716,,Antigua and Barbuda,True,False,Yes,Fully costed,Both mitigation and adaptation,2021.0,https://unfccc.int/sites/default/files/NDC/2022-06/ATG%20-%20UNFCCC%20NDC%20-%202021-09-02%20-%20Final.pdf,,0.0,0.0,0.9660357906108358,0.9660357906108358,0.0,
Bahamas,BHS,Global South & Climate-Vulnerable Coalition,401282,,3.1,180.6,False,True,False,7.725240603864614,450.0575655025643,,Bahamas,True,False,Yes,Fully costed,Both mitigation and adaptation,2022.0,https://unfccc.int/sites/default/files/NDC/2022-11/Bahamas%20Updated%20Nationally%20Determined%20Contributio,,0.0,0.0,2.6502369373805026,2.6502369373805026,0.0,
Bangladesh,BGD,Global South & Climate-Vulnerable Coalition,173562366,858143907016,108.3,2001.0,False,True,False,0.6239831969103256,11.528997017706017,4944.2971238131195,Bangladesh,True,False,Yes,Fully costed,Both mitigation and adaptation,2025.0,https://unfccc.int/sites/default/files/2025-09/Bangladesh%20Third%20Nationally%20Determined%20Contribution%20%28NDC%203.0%29.pdf,12.354135877359903,85.74720617032189,24.660755847499207,12.354135877359903,122.762097895181,0.6984827372658307,8.62915064417235
Barbados,BRB,Global South & Climate-Vulnerable Coalition,282476,3408005977,1.4,63.9,False,True,False,4.956173267817443,226.213908438239,12064.762942692476,Barbados,True,False,Yes,Fully costed,Both mitigation and adaptation,2025.0,https://unfccc.int/sites/default/files/2025-09/Barbados%20Second%20NDC.pdf,1.0358467774094076,0.0,0.0,3.307107142554805,3.307107142554805,0.0,0.0
Belize,BLZ,Global South & Climate-Vulnerable Coalition,417077,,0.8,22.5,False,True,False,1.9181110442436289,53.94687311935206,,Belize,True,False,Yes,Fully costed,Both mitigation and adaptation,2025.0,https://unfccc.int/sites/default/files/2025-06/BELIZE%20FINAL%20NDC%203.0.pdf,0.8808498880557611,1.426427534762863,0.0,0.0,1.426427534762863,1.0,0.8808498880557611
Benin,BEN,Global South & Climate-Vulnerable Coalition,14462721,33290362034,6.1,128.4,False,True,False,0.4217740216381136,8.877997439071112,2301.804897847369,Benin,True,False,Yes,Fully costed,Both mitigation and adaptation,2021.0,https://unfccc.int/documents/497266,1.8343970877998912,3.4438005171456285,4.37413066319319,0.0,7.817931180338819,0.4405002343594918,0.8080523470842214
Bhutan,BTN,Global South & Climate-Vulnerable Coalition,791530,,1.7,29.8,False,True,False,2.147739188659937,37.64860460121537,,Bhutan,True,False,Yes,Partially costed,Mitigation only,2021.0,https://unfccc.int/sites/default/files/NDC/2022-06/Second%20NDC%20Bhutan.pdf,,0.0,0.0,2.7191839473521053,2.7191839473521053,0.0,
Burkina Faso,BFA,Global South & Climate-Vulnerable Coalition,23548782,37320442404,6.5,95.8,False,True,False,0.27602276839625933,4.068150955747945,1584.8141277115733,Burkina Faso,True,False,Yes,Fully costed,Both mitigation and adaptation,2021.0,https://unfccc.int/documents/497293,1.9215450076454048,1.8079064944223568,1.1188806109330265,0.0,2.926787105355383,0.6177102841249648,1.1869581126315505
Burundi,BDI,Global South & Climate-Vulnerable Coalition,14047788,9177077459,0.9,16.7,False,True,False,0.06406702606844579,1.188799261492272,653.2756231087769,Burundi,True,False,Yes,Fully costed,Both mitigation and adaptation,2021.0,https://unfccc.int/documents/497263,1.1613959791045156,1.4514178523545802,0.3220084895419168,1.0762920280538981,2.849718369950395,0.5093197516145587,0.5915219116036591
Cambodia,KHM,Global South & Climate-Vulnerable Coalition,17638804,65136593996,21.9,251.6,False,True,False,1.2415807783793051,14.264005654805167,3692.8010536315273,Cambodia,True,False,Yes,Fully costed,Both mitigation and adaptation,2025.0,https://unfccc.int/sites/default/files/2025-08/Cambodia-NDC%203.0_0.pdf ,8.898776107923673,14.957637298733694,9.220587238155408,6.444033212444545,30.62225774933365,0.4884563842801296,4.346664002194802
Cape Verde,CPV,Global South & Climate-Vulnerable Coalition,524878,4251154554,0.6,16.9,False,True,False,1.1431227828181025,32.197958382709885,8099.319373263882,Cabo Verde,True,True,Yes,Fully costed,Both mitigation and adaptation,2021.0,https://unfccc.int/sites/default/files/NDC/2022-06/Cabo%20Verde_NDC%20Update%202021.pdf,0.846390468988516,0.0,0.0,1.692780937977032,1.692780937977032,0.0,0.0
Central African Republic,CAF,Global South & Climate-Vulnerable Coalition,5330691,3752056621,0.4,12.3,False,True,False,0.07503717623099894,2.3073931691032175,703.8593347466585,Central African Republic,True,False,Yes,Fully costed,Both mitigation and adaptation,2022.0,https://unfccc.int/sites/default/files/NDC/2022-06/CDN%20Revis%C3%A9e%20RCA.pdf,0.3189672000662267,1.0645027453746976,0.19956231401845892,0.0,1.2640650593931566,0.8421265483643195,0.26861074723320283
Chad,TCD,Global South & Climate-Vulnerable Coalition,20299131,24118013870,2.8,51.3,False,True,False,0.1379369392709471,2.5272017802141384,1188.1303623293036,Chad,True,False,Yes,Fully costed,Both mitigation and adaptation,2021.0,https://unfccc.int/sites/default/files/NDC/2022-06/CDN%20ACTUALISEE%20DU%20TCHAD.pdf,3.9374330777576843,7.46256748018897,1.2811817108804398,0.0,8.74374919106941,0.8534745584664072,3.3604989575302664
Comoros,COM,Global South & Climate-Vulnerable Coalition,866632,1682076951,0.6,7.5,False,True,False,0.6923353857231213,8.654192321539016,1940.9356578109278,Comoros,True,False,Yes,Fully costed,Both mitigation and adaptation,2021.0,https://unfccc.int/documents/497418 ,0.37148077683905967,0.7504097898052182,0.0893788335251873,0.37148077683905967,1.2112694001694653,0.6195234435049961,0.23014105006324526
Cuba,CUB,Global South & Climate-Vulnerable Coalition,10979781,84154971449,24.4,1814.1,False,True,False,2.2222665461178144,165.2218746439478,7664.540071336578,Cuba,True,False,Yes,Partially costed,Mitigation only,2025.0,https://unfccc.int/sites/default/files/2025-02/REPUBLICA%20DE%20CUBA%20CND3.0.pdf,,0.41528902910817533,0.5891972495356264,1.8510149686136845,2.8555012472574863,0.1454347216647277,
Democratic Republic of Congo,COD,Global South & Climate-Vulnerable Coalition,109276264,91314988450,5.9,238.7,False,True,False,0.05399159693087604,2.18437189616951,835.6342457864408,"Congo, Democratic Republic",True,True,Yes,Fully costed,Both mitigation and adaptation,2021.0,https://unfccc.int/sites/default/files/NDC/2022-06/CDN%20Revis%C3%A9e%20de%20la%20RDC.pdf,16.658750522533524,34.278098411967804,0.6995530288156686,0.0,34.977651440783475,0.98,16.325575512082853
Djibouti,DJI,Global South & Climate-Vulnerable Coalition,1168726,3395681646,0.6,21.1,False,True,False,0.5133795260822468,18.05384666722568,2905.455723582773,Djibouti,True,False,Yes,Fully costed,Both mitigation and adaptation,2016.0,https://unfccc.int/sites/default/files/NDC/2022-06/CPDN%20Djibouti_9%20-%20CPDN%20-%20Format%20pour%20soumission%20CCNUCC.pdf,0.9687846410603427,1.3330323698892117,3.1104088630748272,0.9687846410603427,5.412225874024382,0.24630021010154285,0.23861186063631018
Dominica,DMA,Global South & Climate-Vulnerable Coalition,66226,675098029,0.2,5.5,False,True,True,3.019961948479449,83.04895358318485,10193.851795367378,Dominica,True,False,Yes,Partially costed,Both mitigation and adaptation,2022.0,https://unfccc.int/sites/default/files/2022-07/The%20Commonwealth%20of%20Dominica%20updated%20NDC%20July%204%20%2C.pdf,0.9843787042208949,0.0,0.0,1.0541263148204063,1.0541263148204063,0.0,0.0
Dominican Republic,DOM,Global South & Climate-Vulnerable Coalition,11427558,191182362267,33.1,869.2,False,True,True,2.896506847744724,76.06174477521795,16729.940225812024,Dominican Republic,True,False,Yes,Fully costed,Both mitigation and adaptation,2020.0,https://unfccc.int/sites/default/files/NDC/2022-06/Dominican%20Republic%20First%20NDC%20%28Updated%20Submission%29.pdf,7.182857191143501,0.0,0.0,15.055579528169579,15.055579528169579,0.0,0.0
East Timor,TLS,Global South & Climate-Vulnerable Coalition,1400638,,0.7,12.1,False,True,False,0.49977224664759917,8.638920263479928,,Timor-Leste,True,True,No,No needs quantified,,2022.0,https://unfccc.int/sites/default/files/NDC/2022-11/Timor_Leste%20Updated%20NDC%202022_2030.pdf,,0.0,0.0,0.0,0.0,,
Eritrea,ERI,Global South & Climate-Vulnerable Coalition,3535610,,0.7,19.1,False,True,False,0.19798563755617843,5.402179539032868,,Eritrea,True,False,Yes,Fully costed,Both mitigation and adaptation,2018.0,https://unfccc.int/sites/default/files/NDC/2022-06/NRC%20Eritrea.pdf,5.415339379771825,6.238026186446415,2.7919151663343804,0.0,9.029941352780796,0.6908158029758851,3.741002022024005
Ethiopia,ETH,Global South & Climate-Vulnerable Coalition,132059770,269977225159,17.8,330.2,False,True,False,0.13478745268146386,2.500382970529178,2044.3563180444733,Ethiopia,True,False,Yes,Fully costed,Both mitigation and adaptation,2025.0,https://unfccc.int/sites/default/files/2025-09/Ethiopia%20NDC%203.0%20Final.pdf ,38.01272577649201,0.0,0.0,101.06633465824815,101.06633465824815,0.0,0.0
Fiji,FJI,Global South & Climate-Vulnerable Coalition,928800,,1.4,54.1,False,True,False,1.5073212747631353,58.24720068906115,,Fiji,True,False,Yes,Fully costed,Mitigation only,2020.0,https://unfccc.int/sites/default/files/NDC/2022-06/Republic%20of%20Fiji%27s%20Updated%20NDC%2020201.pdf,,1.8459630793080941,0.0,0.0,1.8459630793080941,1.0,
Gambia,GMB,Global South & Climate-Vulnerable Coalition,2759999,4656793663,0.8,17.7,False,True,False,0.28985517748375994,6.413045801828189,1687.244692117642,Gambia,True,False,Yes,Fully costed,Both mitigation and adaptation,2021.0,https://unfccc.int/sites/default/files/NDC/2022-06/Second%20NDC%20of%20The%20Republic%20of%20The%20Gambia-16-12-2021.pdf,0.1526469317668283,0.17580316745880362,0.0,0.0,0.17580316745880362,1.0,0.1526469317668283
Grenada,GRD,Global South & Climate-Vulnerable Coalition,117218,,0.4,9.6,False,True,True,3.4124451875991744,81.89868450238018,,Grenada,True,False,Yes,Fully costed,Mitigation only,2020.0,https://unfccc.int/sites/default/files/NDC/2022-06/GrenadaSecondNDC2020%20-%2001-12-20.pdf,,0.0,0.0,0.7639595218132154,0.7639595218132154,0.0,
Guinea,GIN,Global South & Climate-Vulnerable Coalition,14754779,23678257190,4.0,105.9,False,True,False,0.27109860473003355,7.177335560227639,1604.7856216619714,Guinea,True,False,Yes,Fully costed,Both mitigation and adaptation,2021.0,https://unfccc.int/sites/default/files/NDC/2022-06/CDN%20GUINEE%202021_REVISION_VF.pdf,0.7871402738310513,0.0,0.0,11.649676052699563,11.649676052699563,0.0,0.0
Guinea-Bissau,GNB,Global South & Climate-Vulnerable Coalition,2201360,3259313986,0.3,8.3,False,True,False,0.1362793909219755,3.770396482174656,1480.5910827851874,Guinea-Bissau,True,False,Yes,Fully costed,Mitigation only,2021.0,https://unfccc.int/sites/default/files/NDC/2022-06/NDC-Guinea%20Bissau-12102021.Final.pdf,,0.40144153965383617,0.09517241492684528,0.0,0.49661395458068147,0.80835734870317,
Guyana,GUY,Global South & Climate-Vulnerable Coalition,831092,,4.5,117.3,False,True,False,5.414563008668114,141.1396090926155,,Guyana,True,False,Yes,Fully costed,Adaptation only,2016.0,https://unfccc.int/sites/default/files/NDC/2022-06/Guyana%27s%20revised%20NDC%20-%20Final.pdf,0.40625748415671215,0.40625748415671215,0.0,0.0,0.40625748415671215,1.0,0.40625748415671215
Haiti,HTI,Global South & Climate-Vulnerable Coalition,11772562,17550916862,3.0,88.8,False,True,False,0.25482983228289646,7.5429630355737345,1490.8324001181732,Haiti,True,False,Yes,Fully costed,Both mitigation and adaptation,2022.0,https://unfccc.int/sites/default/files/NDC/2022-06/CDN%20Revisee%20Haiti%202022.pdf,11.369803955337412,12.42633071557737,2.757614759321449,0.0,15.183945474898819,0.818386152408136,9.30489011264339
Jamaica,JAM,Global South & Climate-Vulnerable Coalition,2839182,20019224153,8.4,485.2,False,True,False,2.9585986386219694,170.89429279278326,7051.053491111172,Jamaica,True,False,No,No needs quantified,,2025.0,https://unfccc.int/sites/default/files/2025-09/Jamaica%20ICTU%20Final%20Report%20Sep19.pdf,,0.0,0.0,0.0,0.0,,
Kiribati,KIR,Global South & Climate-Vulnerable Coalition,134521,,0.1,2.3,False,True,False,0.7433783572825061,17.09770221749764,,Kiribati,True,False,Yes,Partially costed,Mitigation only,2023.0,https://unfccc.int/sites/default/files/NDC/2023-03/221213%20Kiribati%20NDC%20Web%20Quality.pdf,,0.0,0.0,0.13394436363636367,0.13394436363636367,0.0,
Laos,LAO,Global South & Climate-Vulnerable Coalition,7769823,54953902901,24.4,243.0,False,True,False,3.1403546773201914,31.274843712656004,7072.735492301434,Lao People's Democratic Republic,True,True,Yes,Fully costed,Mitigation only,2021.0,https://unfccc.int/sites/default/files/NDC/2022-06/NDC%202020%20of%20Lao%20PDR%20%28English%29%2C%2009%20April%202021%20%281%29.pdf,,3.5676917160679915,0.0,0.0,3.5676917160679915,1.0,
Lesotho,LSO,Global South & Climate-Vulnerable Coalition,2337428,4761723180,2.6,72.3,False,True,False,1.1123337274987721,30.931434037754318,2037.163574664118,Lesotho,True,False,Yes,Fully costed,Both mitigation and adaptation,2025.0,https://unfccc.int/sites/default/files/2025-02/Lesotho%20SECOND%20NDC.pdf ,1.4254772166184506,0.0,0.0,2.375795361030751,2.375795361030751,0.0,0.0
Liberia,LBR,Global South & Climate-Vulnerable Coalition,5612813,4231561135,0.9,52.5,False,True,False,0.16034740512466744,9.353598632272266,753.9109418040473,Liberia,True,False,Yes,Partially costed,Both mitigation and adaptation,2025.0,https://unfccc.int/sites/default/files/2025-09/Liberias_2035_NDC_3.0_Final.pdf ,0.018056044743833707,0.152431030363733,0.0,0.07507513340857175,0.22750616377230476,0.6700083542188805,0.01209770082251849
Madagascar,MDG,Global South & Climate-Vulnerable Coalition,31964960,38602188321,4.5,112.7,False,True,False,0.14077915317272413,3.5257356805702242,1207.6407516543115,Madagascar,True,False,Yes,Fully costed,Both mitigation and adaptation,2024.0,https://unfccc.int/documents/636850,8.796982792227686,15.751181274748062,0.571286367477909,0.0,16.32246764222597,0.9650000000000001,8.489088394499717
Malawi,MWI,Global South & Climate-Vulnerable Coalition,21655288,26465351444,1.9,57.6,False,True,False,0.08773838519256821,2.6598584142589097,1222.1195785528228,Malawi,True,False,Yes,Fully costed,Both mitigation and adaptation,2021.0,https://unfccc.int/sites/default/files/NDC/2022-06/Malawi%20Updated%20NDC%20July%202021%20submitted.pdf,2.936300956176839,13.930026780683859,7.62757131307806,0.32128174442083735,21.878879838182755,0.6366882986565585,1.8695084601318577
Maldives,MDV,Global South & Climate-Vulnerable Coalition,527801,,2.3,33.7,False,True,True,4.357702997910197,63.84982218677115,,Maldives,True,False,No,No needs quantified,,2025.0,https://unfccc.int/sites/default/files/2025-02/Maldives%E2%80%99%20Third%20Nationally%20Determined%20Contribution.pdf,,0.0,0.0,0.0,0.0,,
Mali,MLI,Global South & Climate-Vulnerable Coalition,24478597,30551085997,7.0,100.2,False,True,False,0.2859641016190593,4.093371854604249,1248.0734086598181,Mali,True,False,Yes,Fully costed,Both mitigation and adaptation,2021.0,https://unfccc.int/documents/499564,5.218024433432753,0.0,0.0,10.115468100796132,10.115468100796132,0.0,0.0
Marshall Islands,MHL,Global South & Climate-Vulnerable Coalition,37572,,0.2,4.0,False,True,False,5.323112956456936,106.46225912913872,,Marshall Islands,True,False,No,No needs quantified,,2025.0,https://unfccc.int/sites/default/files/2025-02/Republic%20of%20the%20Marshall%20Islands%20NDC%203.0.pdf,,0.0,0.0,0.0,0.0,,
Mauritania,MRT,Global South & Climate-Vulnerable Coalition,5169403,15674544913,5.2,99.9,False,True,False,1.0059188652925686,19.325248969755307,3032.1770063196855,Mauritania,True,False,Yes,Fully costed,Both mitigation and adaptation,2021.0,https://unfccc.int/sites/default/files/NDC/2022-06/CDN-actualis%C3%A9%202021_%20Mauritania.pdf,8.606316970554943,8.451479788000048,0.3556535899250839,24.17709513716715,32.98422851509228,0.256227905531669,2.2051785717069516
Mauritius,MUS,Global South & Climate-Vulnerable Coalition,1271171,26988574640,4.7,133.2,False,True,True,3.6973782441544056,104.78527279178016,21231.269939292197,Mauritius,True,False,Yes,Fully costed,Both mitigation and adaptation,2025.0,https://unfccc.int/sites/default/files/2025-09/NDC%203.0%20%20Mauritius.pdf,,0.747862366926704,0.31160931955279336,0.0,1.0594716864794975,0.7058823529411764,
Micronesia (country),FSM,Global South & Climate-Vulnerable Coalition,113171,,0.2,4.9,False,True,False,1.7672371897394208,43.29731114861581,,Micronesia (Federated States of),True,True,Yes,Fully costed,Both mitigation and adaptation,2025.0,https://unfccc.int/sites/default/files/2025-09/FSM%20NDC%203.0.pdf,1.1046498110648582,0.0,0.0,1.3327261657238103,1.3327261657238103,0.0,0.0
Mozambique,MOZ,Global South & Climate-Vulnerable Coalition,34631767,31441725629,8.6,211.2,False,True,False,0.24832691903938947,6.098447128037099,907.8868435734163,Mozambique,True,False,Yes,Fully costed,Both mitigation and adaptation,2021.0,https://unfccc.int/sites/default/files/NDC/2022-06/NDC_EN_Final.pdf,,0.0,0.0,3.4121406384470605,3.4121406384470605,0.0,
Myanmar,MMR,Global South & Climate-Vulnerable Coalition,54500086,291025085135,31.6,727.9,False,True,False,0.5798155988230917,13.355942227320522,5339.901392724408,Myanmar,True,False,Yes,Partially costed,Both mitigation and adaptation,2021.0,https://unfccc.int/sites/default/files/NDC/2022-06/Myanmar%20Updated%20%20NDC%20July%202021.pdf,0.0002282706794110049,1.7531178620633279,2.4850018444846294,0.0018741094337850215,4.239993815981742,0.413471796929356,9.438348800235313e-05
Nauru,NRU,Global South & Climate-Vulnerable Coalition,11968,,0.1,5.1,False,True,False,8.355614973262032,426.1363636363636,,Nauru,True,False,Yes,Partially costed,Both mitigation and adaptation,2021.0,https://unfccc.int/sites/default/files/NDC/2022-06/Nauru%20Updated%20NDC%20pdf.pdf,0.0004171843451304572,0.02427934174631878,0.0009744796590028415,0.0,0.025253821405321623,0.9614125861047906,0.0004010862801343064
Nepal,NPL,Global South & Climate-Vulnerable Coalition,29651054,95965910597,18.8,232.1,False,True,False,0.6340415419971243,7.827714994549604,3236.5092518127685,Nepal,True,False,Yes,Fully costed,Both mitigation and adaptation,2025.0,https://unfccc.int/sites/default/files/2025-05/Nepal%20NDC3.pdf,0.05416813423150113,65.76093223064656,23.915725428642844,0.05416813423150113,89.7308257935209,0.7328689070795879,0.03969814133278064
Niger,NER,Global South & Climate-Vulnerable Coalition,27032417,24776754234,3.2,61.5,False,True,False,0.11837639231445712,2.275046289793473,916.5571185883971,Niger,True,False,Yes,Fully costed,Both mitigation and adaptation,2021.0,https://unfccc.int/sites/default/files/NDC/2022-06/CDN_Niger_R%C3%A9vis%C3%A9e_2021.pdf,5.307686866442779,5.7425031537070526,2.056561393438388,0.0,7.7990645471454405,0.7363066581887546,3.9080851793428257
Palau,PLW,Global South & Climate-Vulnerable Coalition,17719,,0.2,11.4,False,True,False,11.287318697443423,643.3771657542751,,Palau,True,False,Yes,Partially costed,Mitigation only,2016.0,https://unfccc.int/sites/default/files/NDC/2022-06/Palau_INDC.Final%20Copy.pdf,,0.0,0.0,0.0023275168363144963,0.0023275168363144963,0.0,
Papua New Guinea,PNG,Global South & Climate-Vulnerable Coalition,10576509,,8.3,209.7,False,True,False,0.7847579952893721,19.82695802556401,,Papua New Guinea,True,False,Yes,Fully costed,Both mitigation and adaptation,2020.0,https://unfccc.int/sites/default/files/NDC/2022-06/PNG%20Second%20NDC.pdf,1.2543967255852908,0.0,0.0,1.4138024736619672,1.4138024736619672,0.0,0.0
Rwanda,RWA,Global South & Climate-Vulnerable Coalition,14256573,28466253314,2.0,37.3,False,True,False,0.14028616835195948,2.616337039764044,1996.7108023786643,Rwanda,True,False,Yes,Fully costed,Both mitigation and adaptation,2020.0,https://unfccc.int/sites/default/files/NDC/2022-06/Rwanda_Updated_NDC_May_2020.pdf,3.796918459673921,1.3587683512292759,2.2574077301237607,4.083262805302057,7.699438886655094,0.17647628239303714,0.6700660543127505
Saint Kitts and Nevis,KNA,Global South & Climate-Vulnerable Coalition,46867,,0.3,8.0,False,True,False,6.401092453111998,170.69579874965328,,Saint Kitts and Nevis,True,False,Yes,Fully costed,Both mitigation and adaptation,2021.0,https://unfccc.int/sites/default/files/NDC/2022-06/St.%20Kitts%20and%20Nevis%20Revised%20NDC_Updated.pdf,0.1000730787135107,0.6014814331438905,0.0,0.0,0.6014814331438905,1.0,0.1000730787135107
Saint Lucia,LCA,Global South & Climate-Vulnerable Coalition,179751,1749086152,0.5,16.5,True,True,True,2.781625693320204,91.79364787956673,9730.605960467536,Saint Lucia,True,False,Yes,Fully costed,Mitigation only,2025.0,https://unfccc.int/sites/default/files/2025-02/Saint%20Lucias%20Third%20Nationally%20Determined%20Contribution.pdf,,0.48371193550586106,0.0,0.0,0.48371193550586106,1.0,
Saint Vincent and the Grenadines,VCT,Global South & Climate-Vulnerable Coalition,100630,,0.3,8.0,True,True,True,2.9812183245553014,79.4991553214747,,Saint Vincent and the Grenadines,True,False,Yes,Partially costed,Both mitigation and adaptation,2025.0,https://unfccc.int/sites/default/files/2025-10/Revised%20NDC%202.0%20Final.pdf,0.045718942002089945,0.1809042898214972,0.0,0.0,0.1809042898214972,1.0,0.045718942002089945
Samoa,WSM,Global South & Climate-Vulnerable Coalition,218031,,0.2,7.8,False,True,False,0.9173007508106645,35.77472928161592,,Samoa,True,False,No,No needs quantified,,2021.0,https://unfccc.int/sites/default/files/NDC/2022-06/Samoa%27s%20Second%20NDC%20for%20UNFCCC%20Submission.pdf,,0.0,0.0,0.0,0.0,,
Sao Tome and Principe,STP,Global South & Climate-Vulnerable Coalition,235548,825238400,0.1,4.0,False,True,False,0.4245419192691086,16.981676770764345,3503.4829419056837,Sao Tome and Principe,True,False,Yes,Fully costed,Both mitigation and adaptation,2025.0,https://unfccc.int/sites/default/files/2025-09/NDC3.0_Sao_Tome_Principe_F.pdf,0.3936692913227955,0.0,0.0,0.5732794206167204,0.5732794206167204,0.0,0.0
Senegal,SEN,Global South & Climate-Vulnerable Coalition,18501988,51913993763,14.1,300.6,False,True,False,0.7620802694283447,16.246902765259602,2805.860308794925,Senegal,True,False,Yes,Fully costed,Both mitigation and adaptation,2021.0,https://unfccc.int/sites/default/files/NDC/2022-06/CDNSenegal%20approuv%C3%A9e-pdf-.pdf,3.0895427931225754,5.856010686788535,3.343593347655306,0.0,9.19960403444384,0.636550297693607,1.9666493846993136
Seychelles,SYC,Global South & Climate-Vulnerable Coalition,130436,3053368129,0.7,16.1,False,True,False,5.36661657824527,123.43218129964121,23408.93717225306,Seychelles,True,False,No,No needs quantified,,2025.0,https://unfccc.int/sites/default/files/2025-09/ICTU%20Update%202025%20for%20Seychelles%20new%20NDC%203.0.pdf,,0.0,0.0,0.0,0.0,,
Sierra Leone,SLE,Global South & Climate-Vulnerable Coalition,8642029,11681270534,1.4,42.6,False,True,False,0.16199899352339595,4.929397945783334,1351.6814782732156,Sierra Leone,True,False,Yes,Fully costed,Both mitigation and adaptation,2021.0,https://unfccc.int/sites/default/files/NDC/2022-06/210804%202125%20SL%20NDC%20%281%29.pdf,,1.9778688335172963,0.0,0.0,1.9778688335172963,1.0,
Solomon Islands,SLB,Global South & Climate-Vulnerable Coalition,819206,,0.3,11.6,False,True,False,0.36620825531063006,14.160052538677695,,Solomon Islands,True,False,Yes,Partially costed,Adaptation only,2025.0,https://unfccc.int/sites/default/files/2025-08/Solomon%20Islands%20NDC3.0_0.pdf,0.011118722289623914,0.0,0.0,2.1018186399966856,2.1018186399966856,0.0,0.0
Somalia,SOM,Global South & Climate-Vulnerable Coalition,19009155,,1.3,41.9,False,True,False,0.06838810036532397,2.2042010810054418,,Somalia,True,False,Yes,Fully costed,Both mitigation and adaptation,2025.0,https://unfccc.int/sites/default/files/2025-06/Somalia%20NDC%203.0_submitted%20final.pdf,5.635386596364941,4.652291979151862,0.26067511796672727,6.015513854129861,10.92848095124845,0.42570344404730764,2.39900348261059
South Sudan,SSD,Global South & Climate-Vulnerable Coalition,11943410,,1.7,45.5,False,True,False,0.14233790852026348,3.8096322574541106,,South Sudan,True,False,Yes,Fully costed,Both mitigation and adaptation,2021.0,https://unfccc.int/sites/default/files/NDC/2022-06/South%20Sudan%27s%20Second%20Nationally%20Determined%20Contribution.pdf,0.538547063713863,59.19360406526856,4.520463585091942,7.844139061553275,71.55820671191378,0.82720916,0.44549106419521106
Sudan,SDN,Global South & Climate-Vulnerable Coalition,50448960,,17.8,517.0,False,True,False,0.3528318522324345,10.247981326076891,,Sudan,True,False,Yes,Fully costed,Both mitigation and adaptation,2022.0,https://unfccc.int/sites/default/files/NDC/2022-10/Sudan%20Updated%20First%20NDC-12102021.pdf,2.75499095840868,5.890671576524742,0.0,0.0,5.890671576524742,1.0,2.75499095840868
Suriname,SUR,Global South & Climate-Vulnerable Coalition,634438,,3.0,128.8,False,True,False,4.728594441064375,203.01432133636385,,Suriname,True,False,Yes,Partially costed,Both mitigation and adaptation,2020.0,https://unfccc.int/sites/default/files/NDC/2022-06/Suriname%20Second%20NDC.pdf,,0.0,0.0,0.4693918112468407,0.4693918112468407,0.0,
Tanzania,TZA,Global South & Climate-Vulnerable Coalition,68560162,198220407805,20.0,344.9,False,True,False,0.291714596590364,5.030618218200826,2891.18931494065,United Republic of Tanzania,True,True,Yes,Fully costed,Both mitigation and adaptation,2021.0,https://unfccc.int/sites/default/files/NDC/2022-06/TANZANIA_NDC_SUBMISSION_30%20JULY%202021.pdf,,13.762195963786663,0.0,0.0,13.762195963786663,1.0,
Togo,TGO,Global South & Climate-Vulnerable Coalition,8406554,14265660408,2.8,76.6,False,True,False,0.33307345673387695,9.111938137791062,1696.9688659586318,Togo,True,False,Yes,Fully costed,Both mitigation and adaptation,2021.0,https://unfccc.int/sites/default/files/NDC/2022-06/CDN%20Revis%C3%A9es_Togo_Document%20int%C3%A9rimaire_rv_11%2010%2021.pdf,1.5957122305723208,3.2856754675564934,0.8625041449077193,0.0005467004057866184,4.148726312869999,0.791972094510986,1.2637595574831584
Tonga,TON,Global South & Climate-Vulnerable Coalition,104192,,0.2,4.9,False,True,False,1.9195331695331694,47.02856265356265,,Tonga,True,False,Yes,Fully costed,Both mitigation and adaptation,2025.0,https://unfccc.int/sites/default/files/2025-09/Tongas%20Third%20Nationally%20Determined%20Contribution.pdf,0.11831460897933144,0.35731962229902503,0.07032354268651023,0.0,0.42764316498553523,0.8355555555555556,0.0988584288360636
Trinidad and Tobago,TTO,Global South & Climate-Vulnerable Coalition,1507778,37513383973,34.6,1711.0,False,True,False,22.94767532090268,1134.7824414469503,24879.912011582608,Trinidad and Tobago,True,False,Yes,Fully costed,Mitigation only,2018.0,https://unfccc.int/sites/default/files/NDC/2022-06/Trinidad%20and%20Tobago%20Final%20INDC.pdf,,0.0,0.0,1.3067760571573688,1.3067760571573688,0.0,
Tuvalu,TUV,Global South & Climate-Vulnerable Coalition,9669,,0.0,0.3,False,True,False,0.0,31.026993484331367,,Tuvalu,True,False,No,No needs quantified,,2025.0,https://unfccc.int/sites/default/files/2025-09/Tuvalu%20NDC%203.0%20-%20Secretariat%20Submission%20FINAL.pdf ,,0.0,0.0,0.0,0.0,,
Uganda,UGA,Global South & Climate-Vulnerable Coalition,50015091,101995416951,6.3,131.4,False,True,False,0.12596198215454613,2.6272070563662475,2039.2928396551354,Uganda,True,False,Yes,Fully costed,Both mitigation and adaptation,2022.0,https://unfccc.int/sites/default/files/NDC/2022-09/Updated%20NDC%20_Uganda_2022%20Final.pdf,11.727298447908723,15.835165700848504,2.7164928608150154,0.0,18.55165856166352,0.8535714285714286,10.010086889464947
Vanuatu,VUT,Global South & Climate-Vulnerable Coalition,327786,,0.2,5.5,False,True,False,0.6101541859627928,16.7792401139768,,Vanuatu,True,False,Yes,Fully costed,Both mitigation and adaptation,2025.0,https://unfccc.int/sites/default/files/2025-09/Vanuatu%20NDC%203.0.pdf,1.2030990170693034,1.5732212256264448,0.14506141293722077,0.0,1.7182826385636656,0.9155776764069039,1.101530602535743
Yemen,YEM,Global South & Climate-Vulnerable Coalition,40583173,60852995288,10.1,708.0,False,True,False,0.24887161977206662,17.44565413847754,1499.4637133966828,Yemen,False,False,,,,,,,,,,,,
Zambia,ZMB,Global South & Climate-Vulnerable Coalition,21314962,68469600029,12.0,300.8,False,True,False,0.562984817894585,14.112152768557598,3212.27877530347,Zambia,True,False,Yes,Fully costed,Mitigation only,2025.0,https://unfccc.int/sites/default/files/2025-03/Provisional%20NDC%20Submission_Zambia_Revised%20and%20Updated_NDC_100325.pdf #,,25.045372349169817,10.733731006787064,0.0,35.77910335595688,0.7000000000000001,
India,IND,India,1450935785,10476248645535,3193.5,66072.5,False,False,False,2.2009933403083033,45.53785266244571,7220.339282992459,India,True,False,No,No needs quantified,,2022.0,https://unfccc.int/sites/default/files/NDC/2022-08/India%20Updated%20First%20Nationally%20Determined%20Contrib.pdf,,0.0,0.0,0.0,0.0,,
Albania,ALB,Rest of World,2791756,36171005594,4.4,307.9,False,False,True,1.5760689687780738,110.28900806517476,12956.363519591254,Albania,True,False,No,No needs quantified,,2021.0,https://unfccc.int/sites/default/files/2022-08/Albania%20Revised%20NDC.pdf,,0.0,0.0,0.0,0.0,,
Algeria,DZA,Rest of World,46814302,595820067103,198.2,5476.6,False,False,False,4.233748908613441,116.98561691681316,12727.308571278068,Algeria,True,False,No,No needs quantified,,2016.0,https://unfccc.int/documents/497455,,0.0,0.0,0.0,0.0,,
Andorra,AND,Rest of World,81955,,0.4,16.7,False,False,False,4.880727228357025,203.7703617839058,,Andorra,True,False,No,No needs quantified,,2025.0,https://unfccc.int/sites/default/files/2025-02/NDC%203.0%20ANDORRA.pdf,,0.0,0.0,0.0,0.0,,
Anguilla,AIA,Rest of World,14623,,0.1,3.6,False,False,False,6.8385420228407305,246.18751282226629,,Anguilla,False,False,,,,,,,,,,,,
Antarctica,ATA,Rest of World,,,0.0,0.2,False,False,False,,,,Antarctica,False,False,,,,,,,,,,,,
Argentina,ARG,Rest of World,45696153,854914363923,171.1,9151.5,False,False,False,3.744297687378629,200.2684996262158,18708.672564252836,Argentina,True,False,No,No needs quantified,,2021.0,https://unfccc.int/sites/default/files/NDC/2022-05/Actualizacio%CC%81n%20meta%20de%20emisiones%202030.pdf,,0.0,0.0,0.0,0.0,,
Armenia,ARM,Rest of World,2973843,39721734780,7.4,406.7,False,False,False,2.4883627010571843,136.75906898918336,13357.038276734851,Armenia,True,False,No,No needs quantified,,2021.0,https://unfccc.int/sites/default/files/NDC/2022-06/NDC%20of%20Republic%20of%20Armenia%20%202021-2030.pdf,,0.0,0.0,0.0,0.0,,
Aruba,ABW,Rest of World,108076,,0.9,75.8,False,False,False,8.327473259558088,701.3583034161146,,Aruba,False,False,,,,,,,,,,,,
Australia,AUS,Rest of World,26713206,1344251444393,386.7,20039.7,False,False,False,14.475986147076469,750.1795179507843,50321.606638791316,Australia,True,False,Yes,Partially costed,Mitigation only,2025.0,https://unfccc.int/sites/default/files/2025-09/Australias%20Second%20NDC.pdf,,0.0,0.1186555485725231,0.0,0.1186555485725231,0.0,
Azerbaijan,AZE,Rest of World,10336577,175370552026,39.8,2637.1,False,False,False,3.8504042489114143,255.12314182925354,16966.01805665454,Azerbaijan,True,False,No,No needs quantified,,2023.0,https://unfccc.int/sites/default/files/NDC/2023-10/Second%20NDC_Azerbaijan_ENG_Final%20%281%29.pdf,,0.0,0.0,0.0,0.0,,
Bahrain,BHR,Rest of World,1607059,58769760175,39.0,1112.2,False,False,False,24.267932913477352,692.071666317167,36569.75890430905,Bahrain,True,False,No,No needs quantified,,2021.0,https://unfccc.int/sites/default/files/NDC/2022-06/NDC%20of%20the%20Kingdom%20of%20Bahrain%20under%20UNFCCC.pdf,,0.0,0.0,0.0,0.0,,
Belarus,BLR,Rest of World,9056696,175773799265,55.8,5184.2,False,False,False,6.161187258576417,572.4162542278111,19408.15936242091,Belarus,True,False,No,No needs quantified,,2021.0,https://unfccc.int/sites/default/files/NDC/2022-06/Belarus_NDC_Russian.pdf,,0.0,0.0,0.0,0.0,,
Bermuda,BMU,Rest of World,64660,,0.6,31.0,False,False,False,9.279307145066502,479.43086916176924,,Bermuda,False,False,,,,,,,,,,,,
Bolivia,BOL,Rest of World,12413318,78165311428,28.7,641.2,False,False,False,2.312032931082568,51.65419914321054,6296.891083270403,Bolivia,False,False,,,,,,,,,,,,
Bonaire Sint Eustatius and Saba,BES,Rest of World,30699,,0.2,10.6,False,False,False,6.51487019121144,345.28812013420634,,Bonaire Sint Eustatius and Saba,False,False,,,,,,,,,,,,
Bosnia and Herzegovina,BIH,Rest of World,3164256,47069138435,19.4,1043.5,False,False,True,6.130983081014937,329.77736314634467,14875.262442419324,Bosnia and Herzegovina,True,False,Yes,Partially costed,Mitigation only,2021.0,https://unfccc.int/sites/default/files/NDC/2022-06/NDC%20BiH_November%202020%20FINAL%20DRAFT%2005%20Nov%20ENG%20LR.pdf ,,0.0,0.0,6.067651212209228,6.067651212209228,0.0,
Botswana,BWA,Rest of World,2521145,39293967463,7.5,184.3,False,False,True,2.974838813316965,73.10170577257556,15585.762605086182,Botswana,True,False,Yes,Fully costed,Both mitigation and adaptation,2024.0,https://unfccc.int/sites/default/files/2024-12/BOTSWANA_NDC_2%20REPORT.pdf ,2.4287378554683143,2.6954979294779227,0.8984993098259741,2.4289476671990413,6.0229449065029375,0.4475382012157557,1.0869529710609014
Brazil,BRA,Rest of World,211998565,3187412907763,483.0,18198.7,True,False,True,2.278317308421404,85.84350559165341,15035.068316443558,Brazil,True,False,Yes,Partially costed,Adaptation only,2024.0,https://unfccc.int/sites/default/files/2024-11/Brazil_Second%20Nationally%20Determined%20Contribution%20%28NDC%29_November2024.pdf,,0.0,0.0,11.336914285714286,11.336914285714286,0.0,
British Virgin Islands,VGB,Rest of World,39498,,0.2,6.3,False,False,False,5.063547521393488,159.50174692389487,,British Virgin Islands,False,False,,,,,,,,,,,,
Brunei,BRN,Rest of World,462734,,12.1,427.8,False,False,False,26.148932215916705,924.5052233032369,,Brunei,False,False,,,,,,,,,,,,
Cameroon,CMR,Rest of World,29123748,82727797383,9.6,309.2,False,False,False,0.32962790366130074,10.616765397091061,2840.561502695326,Cameroon,True,False,Yes,Fully costed,Both mitigation and adaptation,2021.0,https://unfccc.int/documents/497405,35.82162937594567,0.0,0.0,64.73752172559176,64.73752172559176,0.0,0.0
Canada,CAN,Rest of World,39742429,1761295624423,533.3,35644.1,False,False,False,13.418908039063238,896.8777424248528,44317.7648860617,Canada,True,False,Yes,Partially costed,Both mitigation and adaptation,2025.0,https://unfccc.int/sites/default/files/2025-02/Canada%27s%202035%20Nationally%20Determined%20Contribution_ENc.pdf,,0.0,985.0750802260364,0.0,985.0750802260364,0.0,
Chile,CHL,Rest of World,19764774,448338105532,78.7,3324.9,False,False,False,3.9818315149973382,168.22352737248602,22683.695018824907,Chile,True,False,Yes,Fully costed,Adaptation only,2025.0,https://unfccc.int/sites/default/files/2025-09/NDC-2025-220925%201.pdf,0.6129932158717104,0.0,0.0,0.6129932158717104,0.6129932158717104,0.0,0.0
Christmas Island,CXR,Rest of World,,,0.0,1.3,False,False,False,,,,Christmas Island,False,False,,,,,,,,,,,,
Colombia,COL,Rest of World,52886360,742716953392,92.7,3802.0,False,False,True,1.7528149035025289,71.88999205088042,14043.63910452525,Colombia,True,False,Yes,Fully costed,Adaptation only,2025.0,https://unfccc.int/sites/default/files/2025-09/NDC%203.0%20Declarativa%20Colombia%20Transformaciones%20para%20la%20Vida%20V.25.09.2025%20Gob.%20Nacional.pdf,37.02629554259205,0.0,0.0,37.02629554259205,37.02629554259205,0.0,0.0
Congo,COG,Rest of World,6332969,23679011891,8.8,191.1,False,False,False,1.3895536201108831,30.175420091271565,3739.0064424758752,Congo,False,False,,,,,,,,,,,,
Cook Islands,COK,Rest of World,13750,,0.1,2.7,False,False,False,7.2727272727272725,196.36363636363637,,Cook Islands,True,False,No,No needs quantified,,2016.0,https://unfccc.int/sites/default/files/NDC/2022-06/Cook%20Islands%20INDCsFINAL7Nov.pdf,,0.0,0.0,0.0,0.0,,
Costa Rica,CRI,Rest of World,5129909,80345898158,8.8,285.8,False,False,False,1.715430039792129,55.712489246885276,15662.246281171849,Costa Rica,True,False,No,No needs quantified,,2020.0,https://unfccc.int/sites/default/files/NDC/2022-06/Contribucio%CC%81n%20Nacionalmente%20Determinada%20de%20Costa%20Rica%202020%20-%20Versio%CC%81n%20Completa.pdf,,0.0,0.0,0.0,0.0,,
Cote d'Ivoire,CIV,Rest of World,31934229,121471995793,14.8,400.1,False,False,False,0.46345255431092447,12.528876147283844,3803.8180221291705,Cote d'Ivoire,False,False,,,,,,,,,,,,
Curacao,CUW,Rest of World,185482,,2.3,532.0,False,False,False,12.40012507952254,2868.202844480866,,Curacao,False,False,,,,,,,,,,,,
Ecuador,ECU,Rest of World,18135478,175028884708,46.0,1391.2,False,False,False,2.5364647129786158,76.71151540643153,9651.186735083575,Ecuador,True,False,Yes,Fully costed,Both mitigation and adaptation,2025.0,https://unfccc.int/sites/default/files/2025-02/Segunda%20NDC%20de%20Ecuador.pdf,,4.509259595236366,1.6678083434435882,0.0,6.177067938679954,0.7299999999999999,
Egypt,EGY,Rest of World,116538256,1460427350416,258.4,7471.5,False,False,False,2.217297640012735,64.11199426221035,12531.741940740902,Egypt,True,False,Yes,Fully costed,Both mitigation and adaptation,2023.0,https://unfccc.int/sites/default/files/NDC/2023-06/Egypts%20Updated%20First%20Nationally%20Determined%20Contribution%202030%20%28Second%20Update%29.pdf,38.8888888888889,0.0,0.0,191.17777777777783,191.17777777777783,0.0,0.0
El Salvador,SLV,Rest of World,6338197,59270934820,9.0,264.6,False,False,False,1.4199621753631197,41.746887955675724,9351.387282534764,El Salvador,True,False,Yes,Partially costed,Both mitigation and adaptation,2021.0,https://unfccc.int/sites/default/files/NDC/2022-06/El%20Salvador%20NDC-%20Updated%20Dic.2021.pdf,0.008546094401594272,0.0,0.0,0.03463417204856626,0.03463417204856626,0.0,0.0
Equatorial Guinea,GNQ,Rest of World,1892523,20191378731,7.0,163.4,False,False,False,3.6987661444537268,86.33976971481985,10669.026865723692,Equatorial Guinea,True,False,Yes,Fully costed,Both mitigation and adaptation,2022.0,https://unfccc.int/sites/default/files/NDC/2022-10/CND-GuineaEcuatorial-Version2022-Actualizada.pdf,0.143679049891619,0.8402383021874823,0.0,0.0,0.8402383021874823,1.0,0.143679049891619
Eswatini,SWZ,Rest of World,1242829,9594910875,1.0,44.6,False,False,False,0.8046159206133748,35.88587005935651,7720.218046891407,Eswatini,True,False,Yes,Fully costed,Both mitigation and adaptation,2025.0,https://unfccc.int/sites/default/files/2025-09/Eswatini%20NDC%203.0%20Report_for%20Submission%20-FINAL%20f.pdf,1.4200109866517912,0.0,0.0,2.2855037334938495,2.2855037334938495,0.0,0.0
Faroe Islands,FRO,Rest of World,55419,,0.7,33.7,False,False,False,12.631047113805735,608.0946967646476,,Faroe Islands,False,False,,,,,,,,,,,,
French Polynesia,PYF,Rest of World,281816,,0.9,35.0,False,False,False,3.193573111533767,124.19450989297982,,French Polynesia,False,False,,,,,,,,,,,,
Gabon,GAB,Rest of World,2538953,36035291983,5.4,307.1,False,False,True,2.1268609541019465,120.95537018605701,14192.973238575114,Gabon,True,False,Yes,Partially costed,Mitigation only,2022.0,https://unfccc.int/sites/default/files/NDC/2022-07/20220706_Gabon_Updated%20NDC.pdf ,,0.0,0.0,1.002130289670841,1.002130289670841,0.0,
Georgia,GEO,Rest of World,3807668,70528605169,11.8,662.4,False,False,False,3.0990096825668623,173.96474692646524,18522.782230225956,Georgia,True,False,No,No needs quantified,,2021.0,https://unfccc.int/sites/default/files/NDC/2022-06/NDC%20Georgia_ENG%20WEB-approved.pdf,,0.0,0.0,0.0,0.0,,
Ghana,GHA,Rest of World,34427417,145431875240,21.0,426.5,False,False,False,0.6099789595019575,12.388382201313563,4224.3039970149375,Ghana,True,False,Yes,Fully costed,Both mitigation and adaptation,2021.0,https://unfccc.int/sites/default/files/NDC/2022-06/Ghana%27s%20Updated%20Nationally%20Determined%20Contribution%20to%20the%20UNFCCC_2021.pdf,2.3805268626852354,0.0,0.0,6.614940809938706,6.614940809938706,0.0,0.0
Greenland,GRL,Rest of World,55864,,0.6,35.2,False,False,False,10.740369468709723,630.1016754976371,,Greenland,False,False,,,,,,,,,,,,
Guatemala,GTM,Rest of World,18406366,146224632616,19.9,515.8,False,False,False,1.0811476855344504,28.02291337681756,7944.242367885111,Guatemala,True,False,Yes,Fully costed,Both mitigation and adaptation,2021.0,https://unfccc.int/sites/default/files/2022-06/NDC%20-%20Guatemala%202021.pdf,,0.0,0.0,14.38906012991406,14.38906012991406,0.0,
Honduras,HND,Rest of World,10825704,49738252980,12.9,310.2,False,False,False,1.1916084164133807,28.654025641196174,4594.458982067124,Honduras,True,False,No,No needs quantified,,2025.0,https://unfccc.int/sites/default/files/2025-09/Honduras%20Segunda%20Actualizacio%CC%81n%20de%20su%20NDC%20%282021-2030%29serna_rev_final.pdf,,0.0,0.0,0.0,0.0,,
Hong Kong,HKG,Rest of World,7414914,356690492875,33.3,1750.3,False,False,False,4.490948917276721,236.0512879852686,48104.46795134778,Hong Kong,False,False,,,,,,,,,,,,
Iceland,ISL,Rest of World,393404,16019540441,3.8,171.7,False,False,False,9.659281552805767,436.44701121493426,40720.32933320454,Iceland,True,False,No,No needs quantified,,2025.0,https://unfccc.int/sites/default/files/2025-09/Icelands%20NDC%202030%20-%20Revision.pdf,,0.0,0.0,0.0,0.0,,
Indonesia,IDN,Rest of World,283487933,3500093638879,812.2,17419.9,False,False,False,2.865024946229369,61.44847089487932,12346.534830740044,Indonesia,True,False,Yes,Fully costed,Both mitigation and adaptation,2022.0,https://unfccc.int/sites/default/files/NDC/2022-09/ENDC%20Indonesia.pdf,,172.56536772449974,170.14339765117342,0.0,342.7087653756731,0.5035335689045937,
Iran,IRN,Rest of World,91567737,1572209055082,792.6,21810.6,False,False,False,8.655887171264263,238.19088157655355,17169.901829964412,Iran,False,False,,,,,,,,,,,,
Iraq,IRQ,Rest of World,46042015,527639326800,233.6,5350.7,False,False,False,5.073626773285227,116.21341941702595,11459.952975559389,Iraq,True,False,Yes,Partially costed,Both mitigation and adaptation,2021.0,https://view.officeapps.live.com/op/view.aspx?src=https%3A%2F%2Funfccc.int%2Fsites%2Fdefault%2Ffiles%2FNDC%2F2022-06%2FIraq%2520NDC%2520Document.docx&wdOrigin=BROWSELINK,,78.71402738310512,0.0,0.0,78.71402738310512,1.0,
Israel,ISR,Rest of World,9387015,336722563455,52.6,2607.6,False,False,False,5.6034852399831045,277.7879869159685,35871.101032117236,Israel,True,False,No,No needs quantified,,2021.0,https://view.officeapps.live.com/op/view.aspx?src=https%3A%2F%2Funfccc.int%2Fsites%2Fdefault%2Ffiles%2FNDC%2F2022-06%2FNDC%2520update%2520as%2520submitted%2520to%2520the%2520UNFCCC.docx&wdOrigin=BROWSELINK,,0.0,0.0,0.0,0.0,,
Japan,JPN,Rest of World,123753041,4774494846664,961.9,69612.3,False,False,False,7.772738287699936,562.5098133952118,38580.828463552665,Japan,True,False,No,No needs quantified,,2025.0,https://unfccc.int/sites/default/files/2025-02/Japans%202035-2040%20NDC.pdf,,0.0,0.0,0.0,0.0,,
Jordan,JOR,Rest of World,11552885,99281825499,23.2,793.4,False,False,False,2.0081564042228415,68.6754866857932,8593.682487015149,Jordan,True,False,No,No needs quantified,,2025.0,https://unfccc.int/sites/default/files/2025-09/Jordan%20NDC%203.0%20Vision_final.pdf,,0.0,0.0,0.0,0.0,,
Kazakhstan,KAZ,Rest of World,20592574,503634062609,287.0,14937.4,False,False,True,13.937062943175535,725.3779930571088,24457.071884699795,Kazakhstan,True,False,Yes,Fully costed,Both mitigation and adaptation,2023.0,https://unfccc.int/sites/default/files/NDC/2023-06/12updated%20NDC%20KAZ_Gov%20Decree313_19042023_en_cover%20page.pdf,,121.469192963273,0.0,0.0,121.469192963273,1.0,
Kenya,KEN,Rest of World,56432946,190362153076,21.2,551.3,False,False,False,0.37566707929796894,9.769116076272184,3373.2450025912167,Kenya,True,False,Yes,Fully costed,Both mitigation and adaptation,2025.0,https://unfccc.int/sites/default/files/2025-05/KENYAS%20SECOND%20NATIONALLY%20DETERMINED%20CONTRIBUTION%202031_2035.pdf,16.82063115609772,31.056396959393982,7.260430623309976,15.01502668171435,53.33185426441831,0.5823235923022095,9.795050359609291
Kuwait,KWT,Rest of World,4934508,218961227193,129.5,3875.9,False,False,False,26.243751150064,785.4683790156993,44373.466856878134,Kuwait,True,False,No,No needs quantified,,2021.0,https://unfccc.int/sites/default/files/NDC/2022-06/Kuwait%20updating%20the%20first%20NDC-arabic.pdf,,0.0,0.0,0.0,0.0,,
Kyrgyzstan,KGZ,Rest of World,7186014,31703003147,11.8,883.2,False,False,False,1.6420786266211003,122.90541042641999,4411.764734524591,Kyrgyzstan,True,False,Yes,Fully costed,Both mitigation and adaptation,2021.0,https://unfccc.int/sites/default/files/NDC/2022-06/%D0%9E%D0%9D%D0%A3%D0%92%20%D0%A0%D0%A3%D0%A1%20%D0%BE%D1%82%2008102021.pdf,2.2298660675277704,5.000665951196072,2.9300178954172043,0.0,7.930683846613276,0.6305466272409231,1.4060345280786162
Lebanon,LBN,Rest of World,5805962,48741710654,15.7,794.7,False,False,False,2.7041169060355545,136.8765417341691,8395.113618380554,Lebanon,True,False,Yes,Partially costed,Adaptation only,2025.0,https://unfccc.int/sites/default/files/2025-09/LBN%20NDC%203.0%2030.09.2025%20Final.pdf,,0.0,0.14254772166184507,0.31122919229502843,0.4537769139568735,0.0,
Libya,LBY,Rest of World,7381029,91444480945,65.3,2489.9,False,False,False,8.847004936574562,337.3377885386983,12389.123649968047,Libya,False,False,,,,,,,,,,,,
Liechtenstein,LIE,Rest of World,39895,,0.1,10.0,False,False,False,2.5065797719012406,250.6579771901241,,Liechtenstein,True,False,No,No needs quantified,,2025.0,https://unfccc.int/sites/default/files/2025-09/Liechtensteins%20Second%20NDC%202035_September%202025.pdf,,0.0,0.0,0.0,0.0,,
Macao,MAC,Rest of World,720270,,1.1,57.5,False,False,False,1.527205075874325,79.83117442070335,,Macao,False,False,,,,,,,,,,,,
Malaysia,MYS,Rest of World,35557670,877584198429,290.2,7042.4,True,False,True,8.16138965235911,198.05572187378982,24680.587857106497,Malaysia,True,False,Yes,Fully costed,Adaptation only,2021.0,https://unfccc.int/sites/default/files/NDC/2022-06/Malaysia%20NDC%20Updated%20Submission%20to%20UNFCCC%20July%202021%20final.pdf,,0.0,0.0,0.0,0.0,,
Mexico,MEX,Rest of World,130861001,2033437602787,461.0,22015.9,False,False,True,3.5228218986342617,168.2388170024773,15538.912183523646,Mexico,True,False,Yes,Fully costed,Mitigation only,2022.0,https://unfccc.int/sites/default/files/NDC/2022-11/Mexico_NDC_UNFCCC_update2022_FINAL.pdf,,0.0,0.0,122.57345835384825,122.57345835384825,0.0,
Moldova,MDA,Rest of World,3034967,23827554273,5.3,1358.4,False,False,False,1.7463122333784848,447.58312034364786,7851.009343099941,Moldova,False,False,,,,,,,,,,,,
Monaco,MCO,Rest of World,38657,,,,False,False,False,,,,Monaco,True,False,Yes,Fully costed,Both mitigation and adaptation,2025.0,https://unfccc.int/sites/default/files/2025-07/NDC_2025_Monaco.pdf ,,0.0,0.00313205854035406,0.0,0.00313205854035406,0.0,
Mongolia,MNG,Rest of World,3475541,44809463232,44.7,861.5,False,False,False,12.861307059821765,247.8750790164754,12892.80236717104,Mongolia,True,False,Yes,Fully costed,Both mitigation and adaptation,2025.0,https://unfccc.int/sites/default/files/2025-09/Mongolia%20NDC3_0%20under%20UNFCCC_PA%20FINAL.pdf,4.979667076720455,4.034100523030216,10.101881875102753,0.0,14.13598239813297,0.2853781512605042,1.4210881842472827
Montenegro,MNE,Rest of World,638481,12774399882,2.4,122.1,False,False,True,3.758921565402886,191.23513463987183,20007.486333970784,Montenegro,True,False,Yes,Fully costed,Mitigation only,2025.0,https://unfccc.int/sites/default/files/2025-02/001_eng_NDC_Montenegro.pdf,,0.0,1.6357297188229278,0.0,1.6357297188229278,0.0,
Montserrat,MSR,Rest of World,4414,,0.0,1.7,False,False,False,0.0,385.13819664703215,,Montserrat,False,False,,,,,,,,,,,,
Morocco,MAR,Rest of World,38081176,311654947615,69.1,2015.7,False,False,False,1.814544802923103,52.931663665008664,8183.963321274532,Morocco,True,False,Yes,Fully costed,Both mitigation and adaptation,2025.0,https://unfccc.int/sites/default/files/2025-10/MOROCCO%20NDC%203.0%20_30.9.25.pdf ,33.7467476262252,32.912938486317856,54.761988039944384,0.0,87.67492652626224,0.3753973888584792,12.66844094135102
Namibia,NAM,Rest of World,3030127,21858730428,3.5,87.2,False,False,False,1.155067097847714,28.777671694948758,7213.80009088728,Namibia,True,False,Yes,Fully costed,Both mitigation and adaptation,2021.0,https://unfccc.int/sites/default/files/NDC/2024-01/FINAL%20UPDATED%20NAMIBIA%20NDC%202023.pdf,5.840731189171439,0.0,0.0,14.633396867598158,14.633396867598158,0.0,0.0
New Caledonia,NCL,Rest of World,292655,,5.3,171.8,False,False,False,18.11006133501905,587.0393466709949,,New Caledonia,False,False,,,,,,,,,,,,
New Zealand,NZL,Rest of World,5213942,200602760076,32.5,2012.3,False,False,False,6.23328759698516,385.9459886588688,38474.29834777602,New Zealand,True,False,No,No needs quantified,,2021.0,https://unfccc.int/sites/default/files/NDC/2022-06/New%20Zealand%20NDC%20November%202021.pdf,,0.0,0.0,0.0,0.0,,
Nicaragua,NIC,Rest of World,6916136,32764782125,5.6,197.7,False,False,False,0.8097006767940943,28.585325678962935,4737.440403861347,Nicaragua,True,False,No,No needs quantified,,2025.0,https://unfccc.int/sites/default/files/2025-09/NDC%20NICARAGUA%202025%20-12.09.2025.pdf,,0.0,0.0,0.0,0.0,,
Nigeria,NGA,Rest of World,232679482,1134448580250,135.8,4710.8,False,False,False,0.5836354750007566,20.245876256506364,4875.584948439931,Nigeria,True,False,Yes,Fully costed,Both mitigation and adaptation,2025.0,https://unfccc.int/sites/default/files/2025-09/Nigeria%20NDC%203.0%20-%20Transimission%20Version%202.pdf,134.47001743434055,256.2057717335562,64.05144293338905,0.0,320.2572146669453,0.7999999999999999,107.57601394747243
Niue,NIU,Rest of World,1841,,0.0,0.3,False,False,False,0.0,162.95491580662684,,Niue,True,False,Yes,Partially costed,Mitigation only,2016.0,https://unfccc.int/sites/default/files/NDC/2022-06/Niue%20INDC%20Final.pdf,0.2393186183073497,0.2839835710947278,0.0,0.0,0.2839835710947278,1.0,0.2393186183073497
North Korea,PRK,Rest of World,26498832,40488847458,62.6,5492.7,False,False,False,2.362368273439373,207.2808341137451,1527.948381196575,North Korea,False,False,,,,,,,,,,,,
North Macedonia,MKD,Rest of World,1823011,28770256385,6.6,538.0,False,False,False,3.6203840788673243,295.1161567319122,15781.723963815906,North Macedonia,True,False,No,No needs quantified,,2021.0,https://unfccc.int/sites/default/files/NDC/2022-06/Macedonian%20enhanced%20NDC%20%28002%29.pdf,,0.0,0.0,0.0,0.0,,
Norway,NOR,Rest of World,5576656,482328451592,37.2,2787.3,False,False,False,6.6706642833985095,499.8156601375448,86490.62298122745,Norway,True,False,No,No needs quantified,,2025.0,https://unfccc.int/sites/default/files/2025-06/Norways%20NDC%20for%202035..pdf,,0.0,0.0,0.0,0.0,,
Oman,OMN,Rest of World,5281542,177355008173,82.7,1673.4,False,False,False,15.658305850829171,316.8392867083136,33580.15673699082,Oman,True,False,Yes,Partially costed,Both mitigation and adaptation,2023.0,https://unfccc.int/sites/default/files/NDC/2023-11/Oman%201st%20Update%20of%20the%202nd%20NDC%20-%20Optimized%20Size%20%281%29.pdf,4.0,0.0,4.0,89.03225806451614,93.03225806451614,0.0,0.0
Pakistan,PAK,Rest of World,251269160,1318834969356,179.8,5739.8,False,False,False,0.7155673223088739,22.843233128968155,5248.6941467707375,Pakistan,True,False,Yes,Fully costed,Both mitigation and adaptation,2025.0,https://unfccc.int/sites/default/files/2025-09/Pakistan_NDC3.0_24%20Sep.pdf,223.5148275657731,0.0,0.0,537.4999424795972,537.4999424795972,0.0,0.0
Palestine,PSE,Rest of World,5495447,24076501614,4.8,78.0,False,False,False,0.8734503307920175,14.193567875370285,4381.172562304759,Palestine,False,False,,,,,,,,,,,,
Panama,PAN,Rest of World,4515576,94762119668,12.7,360.5,False,False,False,2.81248726629781,79.83477633861106,20985.6106215464,Panama,True,False,No,,,2025.0,https://unfccc.int/sites/default/files/2025-10/Declaratoria%20-%20CDN%203.0%20Panam%C3%A1.pdf,,0.0,0.0,0.0,0.0,,
Paraguay,PRY,Rest of World,6929152,65127634644,7.9,208.5,False,False,False,1.1401106513466583,30.090262127313704,9399.077209447853,Paraguay,True,False,No,No needs quantified,,2021.0,https://unfccc.int/sites/default/files/NDC/2022-06/Actualizaci%C3%B3n-NDC%20VF%20PAG.%20WEB_MADES%20Mayo%202022.pdf,,0.0,0.0,0.0,0.0,,
Peru,PER,Rest of World,34217850,341677633395,70.2,2161.8,False,False,False,2.051560808174681,63.17755206712286,9985.362417422486,Peru,True,False,No,No needs quantified,,2020.0,https://unfccc.int/sites/default/files/NDC/2022-06/Reporte%20de%20Actualizacio%CC%81n%20de%20las%20NDC%20del%20Peru%CC%81.pdf,,0.0,0.0,0.0,0.0,,
Philippines,PHL,Rest of World,115843663,1014811024029,174.9,3983.6,False,False,False,1.5097934187388393,34.38772477351653,8760.177274686142,Philippines,True,False,No,No needs quantified,,2021.0,https://unfccc.int/sites/default/files/NDC/2022-06/Philippines%20-%20NDC.pdf,,0.0,0.0,0.0,0.0,,
Qatar,QAT,Rest of World,3048429,381778107010,125.8,2590.9,False,False,False,41.26715760806632,849.9131847912482,125237.65749833766,Qatar,True,False,No,No needs quantified,,2021.0,https://unfccc.int/sites/default/files/NDC/2022-06/Qatar%20NDC%20-%20Arabic.pdf,,0.0,0.0,0.0,0.0,,
Russia,RUS,Rest of World,144820421,3731440829579,1780.5,122808.2,False,False,False,12.294536831929248,848.0033351097633,25765.985237530833,Russia,False,False,,,,,,,,,,,,
Saint Helena,SHN,Rest of World,5262,,0.0,0.4,False,False,False,0.0,76.01672367920942,,Saint Helena,False,False,,,,,,,,,,,,
Saint Pierre and Miquelon,SPM,Rest of World,5652,,0.1,3.9,False,False,False,17.692852087756545,690.0212314225053,,Saint Pierre and Miquelon,False,False,,,,,,,,,,,,
San Marino,SMR,Rest of World,33606,,,,False,False,False,,,,San Marino,True,False,No,No needs quantified,,2018.0,https://unfccc.int/sites/default/files/NDC/2022-06/SAN%20MARINO%20INDC%20EN.pdf,,0.0,0.0,0.0,0.0,,
Saudi Arabia,SAU,Rest of World,33962751,1823886192336,692.1,19020.3,False,False,False,20.378207878390064,560.0341385772902,53702.545837232086,Saudi Arabia,True,False,No,No needs quantified,,2021.0,https://unfccc.int/sites/default/files/resource/202203111154---KSA%20NDC%202021.pdf,,0.0,0.0,0.0,0.0,,
Serbia,SRB,Rest of World,6736217,116834638171,42.0,2924.9,True,False,True,6.23495353549329,434.2051332372458,17344.250960294183,Serbia,True,False,No,No needs quantified,,2025.0,https://unfccc.int/sites/default/files/2025-09/NDC3%20of%20the%20Republic%20of%20Serbia.pdf,,0.0,0.0,0.0,0.0,,
Singapore,SGP,Rest of World,5832387,461801118473,53.9,2247.7,False,False,False,9.241499235218788,385.38252005568216,79178.751079618,Singapore,True,False,No,No needs quantified,,2025.0,https://unfccc.int/sites/default/files/2025-02/Singapore%20Second%20Nationally%20Determined%20Contribution.pdf ,,0.0,0.0,0.0,0.0,,
Sint Maarten (Dutch part),SXM,Rest of World,43372,,0.7,62.2,False,False,False,16.139444803098772,1434.1049525039195,,Sint Maarten (Dutch part),False,False,,,,,,,,,,,,
South Africa,ZAF,Rest of World,64007187,723559323969,439.8,22827.0,True,False,True,6.871103396560764,356.6318263603742,11304.344994398833,South Africa,True,False,Yes,Fully costed,Both mitigation and adaptation,2021.0,https://unfccc.int/sites/default/files/NDC/2022-06/South%20Africa%20updated%20first%20NDC%20September%202021.pdf,114.1518696512529,0.0,0.0,165.8776850992946,165.8776850992946,0.0,0.0
South Korea,KOR,Rest of World,51717587,2137558645699,583.7,20707.5,False,False,False,11.286296091115002,400.39571065061483,41331.36848977506,South Korea,False,False,,,,,,,,,,,,
Sri Lanka,LKA,Rest of World,23103561,254748598293,20.8,567.9,False,False,False,0.9002941148336397,24.580626337212692,11026.378067562831,Sri Lanka,True,False,Yes,Fully costed,Adaptation only,2025.0,https://unfccc.int/sites/default/files/2025-09/Sri%20Lankas%20Nationally%20Determined%20Contributions%203.0%20%282026-2035%29%20submitted%2022.09.2025%20%281%29.pdf,56.47813833638027,0.0,0.0,56.47813833638027,56.47813833638027,0.0,0.0
Switzerland,CHE,Rest of World,8921979,559384947989,32.1,3158.1,False,False,False,3.5978564845310665,353.9685533893321,62697.40693057,Switzerland,True,False,No,No needs quantified,,2024.0,https://unfccc.int/sites/default/files/2024-11/Switzerlands%20First%20NDC_2021_2030_Update%202024_including%20ICTUs.pdf,,0.0,0.0,0.0,0.0,,
Syria,SYR,Rest of World,24672758,52353139385,31.8,2055.8,False,False,False,1.2888709077436742,83.32266704841024,2121.9005749174858,Syria,False,False,,,,,,,,,,,,
Taiwan,TWN,Rest of World,23213964,1247874288934,262.3,10091.9,False,False,False,11.299233513069979,434.73402474476137,53755.329720249414,Taiwan,False,False,,,,,,,,,,,,
Tajikistan,TJK,Rest of World,10590930,50544013546,10.7,517.8,False,False,False,1.0102984346039487,48.8908906016752,4772.386706927531,Tajikistan,True,False,Yes,Fully costed,Both mitigation and adaptation,2021.0,https://unfccc.int/sites/default/files/NDC/2022-06/NDC_TAJIKISTAN_RUSS.pdf,,0.0,0.0,7.871402738310513,7.871402738310513,0.0,
Thailand,THA,Rest of World,71668010,1124143758569,267.8,8308.3,False,False,True,3.7366741451311403,115.92759447346171,15685.43285308187,Thailand,True,False,No,No needs quantified,,2022.0,https://unfccc.int/sites/default/files/NDC/2022-11/Thailand%202nd%20Updated%20NDC.pdf,,0.0,0.0,0.0,0.0,,
Tunisia,TUN,Rest of World,12277103,129457959410,32.7,1066.2,False,False,False,2.663494800035481,86.84459192042291,10544.666719013436,Tunisia,True,False,Yes,Fully costed,Both mitigation and adaptation,2025.0,https://unfccc.int/sites/default/files/2025-09/Republic%20Of%20Tunisia-Draft%20preleminary%20elements%20of%20the%20NDC%203.pdf,28.858882493124945,9.660529748102775,3.2135716238236722,51.81134523335863,64.68544660528508,0.14934626341921967,4.309966266802545
Turkey,TUR,Rest of World,87473800,2385996374127,513.0,12887.6,False,False,False,5.864613175602295,147.33097224540376,27276.69741256239,Turkey,False,False,,,,,,,,,,,,
Turkmenistan,TKM,Rest of World,7494494,97502944727,81.0,2741.6,False,False,False,10.807934464955206,365.815223816311,13009.943663574886,Turkmenistan,True,False,Yes,Fully costed,Adaptation only,2023.0,https://unfccc.int/sites/default/files/NDC/2023-01/NDC_Turkmenistan_12-05-2022_approv.%20by%20Decree_Eng.pdf,0.35,0.35,0.0,0.0,0.35,1.0,0.35
Turks and Caicos Islands,TCA,Rest of World,46563,,0.4,7.6,False,False,False,8.590511779739279,163.21972381504628,,Turks and Caicos Islands,False,False,,,,,,,,,,,,
Ukraine,UKR,Rest of World,37860221,309166674673,142.5,31236.5,False,False,False,3.763844907297292,825.0480101529254,8166.002905080771,Ukraine,True,False,Yes,Fully costed,Both mitigation and adaptation,2021.0,https://unfccc.int/sites/default/files/NDC/2022-06/Ukraine%20NDC_July%2031.pdf,,0.0,0.0,94.96501062051148,94.96501062051148,0.0,
United Arab Emirates,ARE,Rest of World,11027135,779701520404,222.0,5824.2,False,False,False,20.13215581381746,528.1698283370976,70707.53377046713,United Arab Emirates,True,False,Yes,Partially costed,Mitigation only,2024.0,https://unfccc.int/sites/default/files/2024-11/UAE-NDC3.0.pdf,,0.0,21.857317321482906,0.0,21.857317321482906,0.0,
United Kingdom,GBR,Rest of World,69138185,2615230634906,312.9,80079.4,False,False,False,4.525719036448527,1158.2514062236376,37826.13956247188,United Kingdom,True,False,No,No needs quantified,,2025.0,https://unfccc.int/sites/default/files/2025-01/UK%27s%202035%20NDC%20ICTU.pdf,,0.0,0.0,0.0,0.0,,
Uruguay,URY,Rest of World,3386583,69066228178,8.0,476.8,False,False,False,2.3622630834679086,140.79087977468734,20394.075142407553,Uruguay,True,False,No,No needs quantified,,2024.0,https://unfccc.int/sites/default/files/2025-01/20241220_Uruguay_NDC3.pdf,,0.0,0.0,0.0,0.0,,
Uzbekistan,UZB,Rest of World,36361859,393572464308,139.2,6750.7,False,False,False,3.8281871122155775,185.65332427035702,10823.771807376515,Uzbekistan,True,False,No,No needs quantified,,2021.0,https://unfccc.int/sites/default/files/NDC/2022-06/Uzbekistan_Updated%20NDC_2021_EN.pdf ,,0.0,0.0,0.0,0.0,,
Vatican,VAT,Rest of World,507,,,,False,False,False,,,,Vatican,False,False,,,,,,,,,,,,
Venezuela,VEN,Rest of World,28405544,149682062815,116.0,7886.5,False,False,False,4.083709856075983,277.63946362020033,5269.466510305171,Venezuela,False,False,,,,,,,,,,,,
Vietnam,VNM,Rest of World,100987685,833803909046,370.9,5668.9,False,False,False,3.6727250456330394,56.13456729897314,8256.490967646203,Vietnam,False,False,,,,,,,,,,,,
Wallis and Futuna,WLF,Rest of World,11303,,0.0,0.9,False,False,False,0.0,79.6248783508803,,Wallis and Futuna,False,False,,,,,,,,,,,,
Zimbabwe,ZWE,Rest of World,16634366,25901585881,13.7,832.9,False,False,False,0.8235961623063963,50.07103967773704,1557.1128999446087,Zimbabwe,True,False,Yes,Fully costed,Both mitigation and adaptation,2025.0,https://unfccc.int/sites/default/files/2025-02/Zimbabwe%20NDC3.0%20Country%20Statement_2025_35.pdf,9.79778006889082,0.0,0.0,19.59556013778164,19.59556013778164,0.0,0.0
United States,USA,United States,345426566,19493170182843,4904.1,434866.6,False,False,False,14.197228825764373,1258.9263328403063,56432.16851723848,United States,False,False,,,,,,,,,,,,
